-- phpMyAdmin SQL Dump
-- version phpStudy 2014
-- http://www.phpmyadmin.net
--
-- 主机: localhost
-- 生成日期: 2019 ?02 ?28 ?05:10
-- 服务器版本: 5.5.53
-- PHP 版本: 5.6.27

SET SQL_MODE="NO_AUTO_VALUE_ON_ZERO";
SET time_zone = "+00:00";


/*!40101 SET @OLD_CHARACTER_SET_CLIENT=@@CHARACTER_SET_CLIENT */;
/*!40101 SET @OLD_CHARACTER_SET_RESULTS=@@CHARACTER_SET_RESULTS */;
/*!40101 SET @OLD_COLLATION_CONNECTION=@@COLLATION_CONNECTION */;
/*!40101 SET NAMES utf8 */;

--
-- 数据库: `t1zf`
--

-- --------------------------------------------------------

--
-- 表的结构 `admin`
--

CREATE TABLE IF NOT EXISTS `admin` (
  `id` bigint(20) NOT NULL AUTO_INCREMENT,
  `user` varchar(11) NOT NULL,
  `pass` varchar(16) NOT NULL,
  `apikey` varchar(16) NOT NULL,
  `money` float(8,4) NOT NULL,
  `token` varchar(32) NOT NULL,
  `filemax` bigint(20) NOT NULL DEFAULT '20971520',
  PRIMARY KEY (`id`)
) ENGINE=MyISAM  DEFAULT CHARSET=utf8 AUTO_INCREMENT=1018 ;

--
-- 转存表中的数据 `admin`
--

INSERT INTO `admin` (`id`, `user`, `pass`, `apikey`, `money`, `token`, `filemax`) VALUES
(1004, '15605996779', '87e34b2c85a8c0b7', '6333acba337c44da', 0.0096, 'e10adc3949ba59abbe56e057f20f883e', 20971520),
(1008, '13023809516', '1db3b438ea4913bb', '9427c155560320bf', -333.3342, 'ab788d49ad57a2dcb587623e4e4def55', 20971520),
(1009, '15726065506', '23ebdfc68c302390', 'b77ed296603dbffc', 4.9998, '335f2f6866d595c7ebc0b0afe3c6621f', 20971520),
(1010, '17175193739', '1ed0fdbfbf8e687c', 'd45eb6a740ebc26e', 5.0000, '025de8ae45e802eb799f26568a91f254', 20971520),
(1011, '17673848652', 'b49e6de6f060c1b1', '0a4501c502ea5d47', 5.0000, '2350ef6a4a9eb7159c12306c34f834a6', 20971520),
(1012, '13225810570', 'a72fb4288ed7151a', '0ac266d2bab8d9f1', 5.0000, 'fe8445635d059383fe797de137d8c65e', 20971520),
(1013, '17513688156', '8b2f47e10c430e60', '7c2f77967f54af15', 4.0000, '4f49b1ab7861be47d40f6f0799f3df04', 20971520),
(1014, '15367174557', 'd4a74ae5ac696c4e', 'a0e9a1a0244a6b61', 5.0000, '3414a95ba3d55ca09243277d32615674', 20971520),
(1015, '17684218603', '23b1579e709d504b', '3f4562267fc78068', 5.0000, 'bd8f2db427c0727c7b1357029b0e5793', 20971520),
(1016, '19834512055', '356f7590692072a4', '97cbe9aedf533d1a', 5.0000, '39a86c31001ea9e0439c3e0b686da19d', 20971520),
(1017, '15977151383', '238bf9421a79e501', 'af8aea7075b0bed1', 5.0000, '02f091a312a5c70b1271b952e48dec1d', 20971520);

-- --------------------------------------------------------

--
-- 表的结构 `admin_info`
--

CREATE TABLE IF NOT EXISTS `admin_info` (
  `id` bigint(20) NOT NULL AUTO_INCREMENT,
  `admin_id` bigint(20) NOT NULL,
  `reg_time` datetime NOT NULL,
  `reg_ip` varchar(20) NOT NULL,
  `reg_city` varchar(10) NOT NULL,
  PRIMARY KEY (`id`)
) ENGINE=MyISAM  DEFAULT CHARSET=utf8 AUTO_INCREMENT=17 ;

--
-- 转存表中的数据 `admin_info`
--

INSERT INTO `admin_info` (`id`, `admin_id`, `reg_time`, `reg_ip`, `reg_city`) VALUES
(3, 1004, '2019-01-11 20:20:18', '127.0.0.1', '广州市'),
(7, 1008, '2019-02-16 22:06:26', '120.34.246.109', '南平市'),
(6, 1007, '2019-02-16 21:49:46', '220.249.162.157', '未知'),
(8, 1009, '2019-02-16 22:07:50', '223.78.231.127', '潍坊市'),
(9, 1010, '2019-02-16 22:08:20', '122.192.13.172', '未知'),
(10, 1011, '2019-02-16 22:09:19', '183.36.112.205', '深圳市'),
(11, 1012, '2019-02-16 22:28:57', '58.243.254.76', '未知'),
(12, 1013, '2019-02-16 23:06:05', '183.205.6.223', '南阳市'),
(13, 1014, '2019-02-16 23:06:44', '36.157.166.37', '广州市'),
(14, 1015, '2019-02-16 23:07:35', '1.204.148.185', '贵阳市'),
(15, 1016, '2019-02-16 23:07:53', '183.202.150.61', '临汾市'),
(16, 1017, '2019-02-16 23:09:16', '117.183.164.91', '广州市');

-- --------------------------------------------------------

--
-- 表的结构 `apk`
--

CREATE TABLE IF NOT EXISTS `apk` (
  `id` bigint(20) NOT NULL AUTO_INCREMENT,
  `admin_id` bigint(20) NOT NULL,
  `title` varchar(20) NOT NULL,
  `fileid` varchar(20) NOT NULL,
  `apkname` varchar(10) NOT NULL,
  `apkbb` varchar(10) NOT NULL,
  `message` text NOT NULL,
  `is_downsee` int(11) NOT NULL COMMENT '0显示下载数量',
  `icon` varchar(100) NOT NULL,
  `img1` varchar(100) NOT NULL,
  `img2` varchar(100) NOT NULL,
  `img3` varchar(100) NOT NULL,
  `img4` varchar(100) NOT NULL,
  `url` varchar(10) NOT NULL COMMENT '自定义后缀下载地址',
  `page` int(11) NOT NULL COMMENT '页面地址',
  PRIMARY KEY (`id`)
) ENGINE=MyISAM  DEFAULT CHARSET=utf8 AUTO_INCREMENT=3 ;

--
-- 转存表中的数据 `apk`
--

INSERT INTO `apk` (`id`, `admin_id`, `title`, `fileid`, `apkname`, `apkbb`, `message`, `is_downsee`, `icon`, `img1`, `img2`, `img3`, `img4`, `url`, `page`) VALUES
(1, 1004, '王富贵 - 下载介绍', 'pcfccw', '王富贵APP', 'v1.0.0', '<h1>我日sssss你们的吗11ssss11</h1>', 1, 'http://t1zf.com/file/dbb9060c4447ebefb00fcc6573e97748.png', 'http://t1zf.com/file/21bd3c04538d98defd57b25142839e1f.png', 'http://t1zf.com/file/21bd3c04538d98defd57b25142839e1f.png', 'http://t1zf.com/file/21bd3c04538d98defd57b25142839e1f.png', 'http://t1zf.com/file/21bd3c04538d98defd57b25142839e1f.png', 'demo', 0),
(2, 1008, '', '', '', '', '', 0, '', '', '', '', '', '', 0);

-- --------------------------------------------------------

--
-- 表的结构 `download_log`
--

CREATE TABLE IF NOT EXISTS `download_log` (
  `id` bigint(20) NOT NULL AUTO_INCREMENT,
  `ip` varchar(15) NOT NULL,
  `addtime` timestamp NOT NULL DEFAULT CURRENT_TIMESTAMP ON UPDATE CURRENT_TIMESTAMP,
  `fileid` bigint(20) NOT NULL,
  `istext` int(11) NOT NULL,
  PRIMARY KEY (`id`)
) ENGINE=MyISAM  DEFAULT CHARSET=utf8 AUTO_INCREMENT=3 ;

--
-- 转存表中的数据 `download_log`
--

INSERT INTO `download_log` (`id`, `ip`, `addtime`, `fileid`, `istext`) VALUES
(1, '127.0.0.1', '2019-02-26 15:01:24', 27, 0),
(2, '127.0.0.1', '2019-02-26 15:03:51', 5, 1);

-- --------------------------------------------------------

--
-- 表的结构 `file`
--

CREATE TABLE IF NOT EXISTS `file` (
  `id` bigint(20) NOT NULL AUTO_INCREMENT,
  `admin_id` bigint(20) NOT NULL,
  `filename` varchar(100) NOT NULL,
  `filesize` bigint(20) NOT NULL,
  `addtime` datetime NOT NULL,
  `md5` varchar(32) NOT NULL,
  `download` bigint(20) NOT NULL,
  `ispay` int(1) NOT NULL,
  `msg` varchar(200) NOT NULL,
  PRIMARY KEY (`id`)
) ENGINE=MyISAM  DEFAULT CHARSET=utf8 AUTO_INCREMENT=30 ;

--
-- 转存表中的数据 `file`
--

INSERT INTO `file` (`id`, `admin_id`, `filename`, `filesize`, `addtime`, `md5`, `download`, `ispay`, `msg`) VALUES
(22, 1004, 'woc.txt', 3915520, '2019-02-16 22:37:49', '9fb4fa232724d5308fdf55ef91c58b08', 5, 1, '&lt;script&gt;alert(666)&lt;/script&gt;'),
(20, 1009, '杰哥你好帅.txt', 4417, '2019-02-16 22:18:07', '5c71df67f7dec42ddde080a7b096e19a', 2, 0, ''),
(21, 1011, '新测试.jpg', 31714, '2019-02-16 22:31:41', '4badb9c552230876178ed4dcfd256776', 0, 0, '你好啊'),
(23, 1010, '_0ServerSendToService.txt', 1640, '2019-02-16 22:48:32', 'bb97c92a43b8ff12b6ed01c32d299c1b', 1, 0, ''),
(27, 1004, '测试文件.txt', 3915520, '2019-02-24 13:20:24', 'e9a6a640956f36dfd3cc26c91b7be4a5', 16, 1, ''),
(26, 1004, 'XAUKAKU8}Q4G0IV5FL(]R@1.png', 67597, '2019-02-24 13:14:38', '21bd3c04538d98defd57b25142839e1f', 0, 0, ''),
(29, 1004, 'favicon.png', 5241, '2019-02-24 19:31:19', 'dbb9060c4447ebefb00fcc6573e97748', 0, 0, '');

-- --------------------------------------------------------

--
-- 表的结构 `log_admin_login`
--

CREATE TABLE IF NOT EXISTS `log_admin_login` (
  `id` bigint(20) NOT NULL AUTO_INCREMENT,
  `admin_id` bigint(20) NOT NULL,
  `addtime` datetime NOT NULL,
  `ip` varchar(20) NOT NULL,
  `city` varchar(10) NOT NULL,
  PRIMARY KEY (`id`)
) ENGINE=MyISAM DEFAULT CHARSET=utf8 AUTO_INCREMENT=1 ;

-- --------------------------------------------------------

--
-- 表的结构 `log_admin_money`
--

CREATE TABLE IF NOT EXISTS `log_admin_money` (
  `id` bigint(20) NOT NULL AUTO_INCREMENT,
  `admin_id` bigint(20) NOT NULL,
  `money` float(6,4) NOT NULL,
  `addtime` datetime NOT NULL,
  `message` varchar(20) NOT NULL,
  PRIMARY KEY (`id`)
) ENGINE=MyISAM  DEFAULT CHARSET=utf8 AUTO_INCREMENT=15 ;

--
-- 转存表中的数据 `log_admin_money`
--

INSERT INTO `log_admin_money` (`id`, `admin_id`, `money`, `addtime`, `message`) VALUES
(1, 1004, -1.0000, '2019-02-13 11:04:51', '开通直链'),
(2, 1004, -1.0000, '2019-02-13 11:11:28', '开通直链'),
(3, 1004, -1.0000, '2019-02-13 11:11:31', '开通直链'),
(4, 1004, -1.0000, '2019-02-13 11:11:39', '开通直链'),
(5, 1004, -1.0000, '2019-02-13 11:12:46', '开通直链'),
(6, 1004, -1.0000, '2019-02-13 18:10:45', '开通直链'),
(7, 1004, -1.0000, '2019-02-14 18:35:22', '开通直链'),
(8, 1004, -1.0000, '2019-02-16 22:37:54', '开通直链'),
(9, 1004, -1.0000, '2019-02-17 23:07:29', '开通直链'),
(10, 1013, -1.0000, '2019-02-17 23:48:43', '开通直链'),
(11, 1004, -1.0000, '2019-02-24 13:24:31', '开通直链'),
(12, 1008, 0.0100, '2019-02-27 17:01:52', '在线充值'),
(13, 1004, 0.0200, '2019-02-28 12:39:19', '在线充值'),
(14, 1004, 0.0100, '2019-02-28 12:53:05', '在线充值');

-- --------------------------------------------------------

--
-- 表的结构 `log_admin_sms`
--

CREATE TABLE IF NOT EXISTS `log_admin_sms` (
  `id` bigint(20) NOT NULL AUTO_INCREMENT,
  `addtime` datetime NOT NULL,
  `ip` varchar(20) NOT NULL,
  `tel` varchar(11) NOT NULL,
  PRIMARY KEY (`id`)
) ENGINE=MyISAM  DEFAULT CHARSET=utf8 AUTO_INCREMENT=39 ;

--
-- 转存表中的数据 `log_admin_sms`
--

INSERT INTO `log_admin_sms` (`id`, `addtime`, `ip`, `tel`) VALUES
(30, '2019-02-16 22:07:36', '223.78.231.127', '15726065506'),
(29, '2019-02-16 22:06:09', '120.34.246.109', '13023809516'),
(28, '2019-02-16 21:49:35', '220.249.162.157', '13023809516'),
(31, '2019-02-16 22:07:53', '122.192.13.172', '17175193739'),
(32, '2019-02-16 22:09:02', '157.255.172.17', '17673848652'),
(33, '2019-02-16 22:28:49', '58.243.254.76', '13225810570'),
(34, '2019-02-16 23:05:53', '183.205.6.223', '17513688156'),
(35, '2019-02-16 23:05:59', '36.157.166.37', '15367174557'),
(36, '2019-02-16 23:07:21', '1.204.148.185', '17684218603'),
(37, '2019-02-16 23:07:40', '183.202.150.61', '19834512055'),
(38, '2019-02-16 23:08:30', '117.183.164.91', '15977151383');

-- --------------------------------------------------------

--
-- 表的结构 `log_admin_sys`
--

CREATE TABLE IF NOT EXISTS `log_admin_sys` (
  `id` bigint(20) NOT NULL AUTO_INCREMENT,
  `admin_id` bigint(20) NOT NULL,
  `addtime` datetime NOT NULL,
  `dowhat` varchar(50) NOT NULL COMMENT '做什么',
  `message` varchar(200) NOT NULL COMMENT '说明',
  PRIMARY KEY (`id`)
) ENGINE=MyISAM  DEFAULT CHARSET=utf8 AUTO_INCREMENT=122 ;

--
-- 转存表中的数据 `log_admin_sys`
--

INSERT INTO `log_admin_sys` (`id`, `admin_id`, `addtime`, `dowhat`, `message`) VALUES
(28, 1004, '2019-01-17 21:13:48', '登陆', '设备:电脑  ip:127.0.0.1(广州市)'),
(27, 1004, '2019-01-17 20:18:51', '登陆', '设备:电脑  ip:127.0.0.1(广州市)'),
(45, 1004, '2019-01-22 20:24:03', '登陆', '设备:手机  ip:192.168.1.6(广州市)'),
(26, 1004, '2019-01-16 23:15:54', '登陆', '设备:电脑  ip:127.0.0.1(广州市)'),
(6, 1004, '2019-01-14 00:25:38', '登陆', '设备:手机  ip:192.168.1.9(广州市)'),
(7, 1004, '2019-01-14 00:26:30', '登陆', '设备:手机  ip:192.168.1.9(广州市)'),
(8, 1004, '2019-01-15 14:57:05', '登陆', '设备:电脑  ip:127.0.0.1(广州市)'),
(9, 1004, '2019-01-15 15:29:48', '登陆', '设备:电脑  ip:127.0.0.1(广州市)'),
(10, 1004, '2019-01-15 15:37:39', '登陆', '设备:手机  ip:192.168.1.9(广州市)'),
(11, 1004, '2019-01-15 16:39:58', '登陆', '设备:电脑  ip:127.0.0.1(广州市)'),
(12, 1004, '2019-01-15 16:41:38', '登陆', '设备:电脑  ip:127.0.0.1(广州市)'),
(13, 1004, '2019-01-15 16:42:22', '登陆', '设备:电脑  ip:127.0.0.1(广州市)'),
(14, 1004, '2019-01-15 16:45:20', '登陆', '设备:电脑  ip:127.0.0.1(广州市)'),
(15, 1004, '2019-01-15 16:48:14', '登陆', '设备:电脑  ip:127.0.0.1(广州市)'),
(16, 1004, '2019-01-15 16:53:23', '登陆', '设备:电脑  ip:127.0.0.1(广州市)'),
(17, 1004, '2019-01-15 16:53:52', '登陆', '设备:电脑  ip:127.0.0.1(广州市)'),
(18, 1004, '2019-01-15 17:27:11', '登陆', '设备:手机  ip:192.168.1.9(广州市)'),
(19, 1004, '2019-01-15 18:20:04', '登陆', '设备:电脑  ip:127.0.0.1(广州市)'),
(20, 1004, '2019-01-15 22:41:04', '登陆', '设备:手机  ip:192.168.1.9(广州市)'),
(21, 1004, '2019-01-16 11:42:52', '登陆', '设备:手机  ip:192.168.1.9(广州市)'),
(24, 1004, '2019-01-16 13:34:22', '登陆', '设备:手机  ip:192.168.1.9(广州市)'),
(29, 1004, '2019-01-18 00:23:00', '登陆', '设备:手机  ip:192.168.1.9(广州市)'),
(30, 1004, '2019-01-18 01:32:04', '登陆', '设备:手机  ip:192.168.1.2(广州市)'),
(31, 1004, '2019-01-18 22:12:30', '登陆', '设备:电脑  ip:127.0.0.1(广州市)'),
(32, 1004, '2019-01-18 22:14:13', '登陆', '设备:手机  ip:192.168.1.9(广州市)'),
(33, 1004, '2019-01-18 22:48:42', '登陆', '设备:手机  ip:192.168.1.9(广州市)'),
(44, 1004, '2019-01-21 23:21:35', '登陆', '设备:电脑  ip:127.0.0.1(广州市)'),
(35, 1004, '2019-01-20 09:39:39', '登陆', '设备:电脑  ip:127.0.0.1(广州市)'),
(36, 1004, '2019-01-20 11:12:06', '登陆', '设备:电脑  ip:127.0.0.1(广州市)'),
(37, 1004, '2019-01-20 22:03:33', '登陆', '设备:电脑  ip:127.0.0.1(广州市)'),
(38, 1004, '2019-01-21 01:49:32', '登陆', '设备:电脑  ip:127.0.0.1(广州市)'),
(39, 1004, '2019-01-21 02:26:24', '登陆', '设备:手机  ip:192.168.1.6(广州市)'),
(40, 1004, '2019-01-21 02:29:49', '登陆', '设备:电脑  ip:192.168.1.6(广州市)'),
(41, 1004, '2019-01-21 12:12:58', '登陆', '设备:电脑  ip:127.0.0.1(广州市)'),
(42, 1004, '2019-01-21 13:23:14', '登陆', '设备:手机  ip:192.168.1.9(广州市)'),
(43, 1004, '2019-01-21 18:47:49', '登陆', '设备:电脑  ip:127.0.0.1(广州市)'),
(46, 1004, '2019-01-23 18:20:35', '登陆', '设备:电脑  ip:127.0.0.1(广州市)'),
(47, 1004, '2019-01-23 22:27:54', '登陆', '设备:手机  ip:192.168.1.9(广州市)'),
(48, 1004, '2019-01-24 17:10:02', '登陆', '设备:电脑  ip:127.0.0.1(广州市)'),
(49, 1004, '2019-01-30 20:03:25', '登陆', '设备:电脑  ip:127.0.0.1(广州市)'),
(50, 1004, '2019-01-31 08:22:46', '登陆', '设备:电脑  ip:127.0.0.1(广州市)'),
(51, 1004, '2019-01-31 19:32:27', '登陆', '设备:电脑  ip:127.0.0.1(广州市)'),
(52, 1004, '2019-02-05 17:57:08', '登陆', '设备:电脑  ip:127.0.0.1(广州市)'),
(53, 1004, '2019-02-05 18:07:08', '登陆', '设备:手机  ip:192.168.1.4(广州市)'),
(54, 1004, '2019-02-06 09:03:56', '登陆', '设备:电脑  ip:127.0.0.1(广州市)'),
(55, 1004, '2019-02-06 09:54:30', '登陆', '设备:电脑  ip:127.0.0.1(广州市)'),
(56, 1004, '2019-02-06 14:55:33', '登陆', '设备:电脑  ip:127.0.0.1(广州市)'),
(57, 1004, '2019-02-06 17:28:43', '登陆', '设备:电脑  ip:127.0.0.1(广州市)'),
(58, 1004, '2019-02-08 12:26:10', '登陆', '设备:电脑  ip:127.0.0.1(广州市)'),
(59, 1004, '2019-02-08 20:37:43', '登陆', '设备:手机  ip:192.168.1.4(广州市)'),
(60, 1004, '2019-02-10 10:31:05', '登陆', '设备:电脑  ip:127.0.0.1(广州市)'),
(61, 1004, '2019-02-10 20:45:54', '登陆', '设备:电脑  ip:127.0.0.1(广州市)'),
(62, 1004, '2019-02-10 23:14:45', '登陆', '设备:手机  ip:192.168.1.2(广州市)'),
(63, 1004, '2019-02-11 09:36:24', '登陆', '设备:电脑  ip:127.0.0.1(广州市)'),
(64, 1004, '2019-02-11 10:41:51', '登陆', '设备:手机  ip:192.168.1.4(广州市)'),
(65, 1004, '2019-02-11 20:18:14', '登陆', '设备:电脑  ip:127.0.0.1(广州市)'),
(66, 1004, '2019-02-12 14:54:31', '登陆', '设备:电脑  ip:127.0.0.1(广州市)'),
(67, 1004, '2019-02-12 15:20:46', '登陆', '设备:手机  ip:192.168.1.3(广州市)'),
(68, 1004, '2019-02-12 18:55:39', '登陆', '设备:手机  ip:192.168.1.3(广州市)'),
(69, 1004, '2019-02-12 19:12:13', '登陆', '设备:手机  ip:192.168.1.4(广州市)'),
(70, 1004, '2019-02-12 21:00:01', '登陆', '设备:电脑  ip:127.0.0.1(广州市)'),
(71, 1004, '2019-02-12 21:35:37', '登陆', '设备:电脑  ip:127.0.0.1(广州市)'),
(72, 1004, '2019-02-12 21:42:25', '登陆', '设备:手机  ip:192.168.1.3(广州市)'),
(73, 1004, '2019-02-12 22:07:29', '登陆', '设备:手机  ip:192.168.1.3(广州市)'),
(74, 1004, '2019-02-13 10:17:52', '登陆', '设备:电脑  ip:127.0.0.1(广州市)'),
(75, 1004, '2019-02-14 18:34:50', '登陆', '设备:电脑  ip:127.0.0.1(广州市)'),
(76, 1004, '2019-02-14 20:41:36', '登陆', '设备:手机  ip:192.168.1.4(广州市)'),
(77, 1004, '2019-02-15 16:42:31', '登陆', '设备:电脑  ip:127.0.0.1(广州市)'),
(78, 1004, '2019-02-15 19:02:43', '登陆', '设备:手机  ip:192.168.1.4(广州市)'),
(79, 1004, '2019-02-16 11:44:32', '登陆', '设备:电脑  ip:127.0.0.1(广州市)'),
(80, 1004, '2019-02-16 19:15:42', '登陆', '设备:电脑  ip:127.0.0.1(广州市)'),
(81, 1004, '2019-02-16 21:09:34', '登陆', '设备:电脑  ip:192.168.1.6(广州市)'),
(82, 1004, '2019-02-16 21:29:58', '登陆', '设备:手机  ip:192.168.1.6(广州市)'),
(83, 1008, '2019-02-16 22:06:40', '登陆', '设备:电脑  ip:120.34.246.109(南平市)'),
(84, 1009, '2019-02-16 22:08:02', '登陆', '设备:手机  ip:223.78.231.127(潍坊市)'),
(85, 1010, '2019-02-16 22:08:38', '登陆', '设备:手机  ip:122.192.13.172(未知)'),
(86, 1011, '2019-02-16 22:10:22', '登陆', '设备:手机  ip:183.36.112.205(深圳市)'),
(87, 1004, '2019-02-16 22:10:53', '登陆', '设备:电脑  ip:127.0.0.1(广州市)'),
(88, 1004, '2019-02-16 22:22:58', '登陆', '设备:电脑  ip:127.0.0.1(广州市)'),
(89, 1012, '2019-02-16 22:29:04', '登陆', '设备:手机  ip:58.243.254.76(未知)'),
(90, 1010, '2019-02-16 22:31:05', '登陆', '设备:手机  ip:122.192.13.172(未知)'),
(91, 1009, '2019-02-16 22:33:24', '登陆', '设备:电脑  ip:223.78.231.127(潍坊市)'),
(92, 1011, '2019-02-16 22:38:02', '登陆', '设备:手机  ip:119.39.248.71(长沙市)'),
(93, 1011, '2019-02-16 22:40:26', '登陆', '设备:手机  ip:119.39.248.71(长沙市)'),
(94, 1013, '2019-02-16 23:06:17', '登陆', '设备:手机  ip:183.205.6.223(南阳市)'),
(95, 1014, '2019-02-16 23:06:57', '登陆', '设备:手机  ip:36.157.166.37(广州市)'),
(96, 1015, '2019-02-16 23:07:46', '登陆', '设备:手机  ip:1.204.148.185(贵阳市)'),
(97, 1016, '2019-02-16 23:08:05', '登陆', '设备:手机  ip:183.202.150.61(临汾市)'),
(98, 1017, '2019-02-16 23:09:36', '登陆', '设备:手机  ip:117.183.164.91(广州市)'),
(99, 1011, '2019-02-16 23:10:25', '登陆', '设备:手机  ip:119.39.248.71(长沙市)'),
(100, 1004, '2019-02-16 23:28:46', '登陆', '设备:手机  ip:220.249.162.157(未知)'),
(101, 1004, '2019-02-16 23:49:44', '登陆', '设备:手机  ip:120.34.246.109(南平市)'),
(102, 1004, '2019-02-17 20:34:26', '登陆', '设备:电脑  ip:127.0.0.1(广州市)'),
(103, 1004, '2019-02-17 23:06:07', '登陆', '设备:手机  ip:192.168.1.4(广州市)'),
(104, 1013, '2019-02-17 23:46:54', '登陆', '设备:手机  ip:183.205.6.223(南阳市)'),
(105, 1013, '2019-02-17 23:47:32', '登陆', '设备:手机  ip:123.151.77.123(天津市)'),
(106, 1004, '2019-02-18 13:28:12', '登陆', '设备:电脑  ip:127.0.0.1(广州市)'),
(107, 1004, '2019-02-21 14:52:07', '登陆', '设备:电脑  ip:127.0.0.1(广州市)'),
(108, 1004, '2019-02-22 13:49:23', '登陆', '设备:手机  ip:192.168.1.4(广州市)'),
(109, 1004, '2019-02-22 14:10:11', '登陆', '设备:手机  ip:192.168.1.4(广州市)'),
(110, 1004, '2019-02-22 17:30:32', '登陆', '设备:手机  ip:192.168.1.4(广州市)'),
(111, 1004, '2019-02-23 12:10:31', '登陆', '设备:电脑  ip:127.0.0.1(广州市)'),
(112, 1004, '2019-02-24 11:08:28', '登陆', '设备:电脑  ip:127.0.0.1(广州市)'),
(113, 1004, '2019-02-24 22:58:03', '登陆', '设备:手机  ip:192.168.1.4(广州市)'),
(114, 1004, '2019-02-25 09:27:31', '登陆', '设备:电脑  ip:127.0.0.1(广州市)'),
(115, 1004, '2019-02-25 18:01:31', '登陆', '设备:电脑  ip:127.0.0.1(广州市)'),
(116, 1004, '2019-02-26 15:17:49', '登陆', '设备:电脑  ip:127.0.0.1(广州市)'),
(117, 1004, '2019-02-27 12:54:20', '登陆', '设备:电脑  ip:127.0.0.1(广州市)'),
(118, 1008, '2019-02-27 16:39:50', '登陆', '设备:电脑  ip:127.0.0.1(广州市)'),
(119, 1004, '2019-02-27 17:08:40', '登陆', '设备:电脑  ip:127.0.0.1(广州市)'),
(120, 1008, '2019-02-27 21:05:20', '登陆', '设备:电脑  ip:127.0.0.1(广州市)'),
(121, 1004, '2019-02-27 23:16:32', '登陆', '设备:电脑  ip:127.0.0.1(广州市)');

-- --------------------------------------------------------

--
-- 表的结构 `pay_config`
--

CREATE TABLE IF NOT EXISTS `pay_config` (
  `id` int(11) NOT NULL AUTO_INCREMENT,
  `admin_id` bigint(20) NOT NULL,
  `e_api` varchar(100) NOT NULL,
  `e_pid` varchar(10) NOT NULL,
  `e_key` varchar(50) NOT NULL,
  `m_pid` varchar(10) NOT NULL,
  `m_key` varchar(50) NOT NULL,
  `qqpay` varchar(10) NOT NULL DEFAULT 'off',
  `alipay` varchar(10) NOT NULL DEFAULT 'off',
  `wxpay` varchar(10) NOT NULL DEFAULT 'off',
  `return_mb` int(11) NOT NULL COMMENT '页面返回通知的模板',
  `sysmsg` int(11) NOT NULL,
  `ismail` int(1) NOT NULL COMMENT '1开启',
  PRIMARY KEY (`id`)
) ENGINE=MyISAM  DEFAULT CHARSET=utf8 AUTO_INCREMENT=38 ;

--
-- 转存表中的数据 `pay_config`
--

INSERT INTO `pay_config` (`id`, `admin_id`, `e_api`, `e_pid`, `e_key`, `m_pid`, `m_key`, `qqpay`, `alipay`, `wxpay`, `return_mb`, `sysmsg`, `ismail`) VALUES
(35, 1017, '', '', '', '', '', 'off', 'off', 'off', 0, 0, 0),
(34, 1016, '', '', '', '', '', 'off', 'off', 'off', 0, 0, 0),
(33, 1012, '', '', '', '', '', 'epay', 'off', 'off', 0, 0, 0),
(32, 1009, 'http://payxin.xyz/', '10000', 'oIHWh76HdCIiF8O7FF2ihKFfi7fi2FHF', '', '', 'epay', 'epay', 'epay', 0, 0, 0),
(31, 1004, 'http://pay.hackwl.cn/', '11797', 'rFCq3rRJmf9cl12RyFHpyyzCR1lh23cu', '21277', 'pGD6FzxQCvBbvMq4S7dvNl4dSYUePGgG', 'epay', 'epay', 'epay', 0, 0, 1),
(36, 1013, '', '', '', '', '', 'off', 'off', 'off', 0, 0, 0),
(37, 1008, '', '', '', '', '', 'off', 'off', 'off', 0, 0, 0);

-- --------------------------------------------------------

--
-- 表的结构 `pay_goods`
--

CREATE TABLE IF NOT EXISTS `pay_goods` (
  `id` bigint(20) NOT NULL AUTO_INCREMENT COMMENT '商品ID',
  `admin_id` bigint(20) NOT NULL,
  `title` text NOT NULL,
  `money` float(6,2) NOT NULL,
  `addtime` datetime NOT NULL,
  `addmsg` varchar(200) NOT NULL,
  `dowhat` varchar(20) NOT NULL,
  `doconfig` text NOT NULL,
  `havenum` bigint(20) NOT NULL COMMENT '当前库存',
  `sell` bigint(20) NOT NULL COMMENT '已出售数量',
  `zt` int(1) NOT NULL COMMENT '0正常1下架',
  PRIMARY KEY (`id`)
) ENGINE=MyISAM  DEFAULT CHARSET=utf8 AUTO_INCREMENT=11 ;

--
-- 转存表中的数据 `pay_goods`
--

INSERT INTO `pay_goods` (`id`, `admin_id`, `title`, `money`, `addtime`, `addmsg`, `dowhat`, `doconfig`, `havenum`, `sell`, `zt`) VALUES
(1, 1004, '修改后1111', 0.11, '2019-01-23 00:17:52', '测试修改msg', 'POST对接', '{"get":"http://baidu.com/?{{a}}={{b}}","post":"{{a}}={{a}}","cookie":"{{b}}={{b}}"}', 23, 200, 0),
(2, 1004, '低价名片赞', 0.10, '2019-01-23 13:11:47', '', '亿乐社区', '{"api":"jiegege.000sq.cn","tokenid":6524,"key":"5edd5fc27de63eea152d6d6405cd2c02","gid":38453,"num":"100"}', 200, 0, 0),
(9, 1009, '一次轰炸', 0.01, '2019-02-16 22:25:22', '', 'POST对接', '{"get":"http://52zf.cc/cs.php?{{phone}}","post":"","cookie":""}', 10000000, 0, 0),
(10, 1015, '101', 0.01, '2019-02-16 23:15:32', '', '用户系统购买VIP', '{"money":"10"}', 100, 0, 0);

-- --------------------------------------------------------

--
-- 表的结构 `pay_order`
--

CREATE TABLE IF NOT EXISTS `pay_order` (
  `id` bigint(20) NOT NULL AUTO_INCREMENT,
  `admin_id` bigint(20) NOT NULL,
  `orderid` varchar(30) NOT NULL,
  `goodsid` bigint(20) NOT NULL,
  `goodsval` text NOT NULL,
  `paytype` varchar(10) NOT NULL,
  `paysys` varchar(10) NOT NULL,
  `money` float(6,2) NOT NULL,
  `add_time` datetime NOT NULL,
  `add_msg` varchar(300) NOT NULL,
  `add_ip` varchar(15) NOT NULL,
  `ispay` int(1) NOT NULL,
  `pay_time` datetime NOT NULL,
  `isdo` int(1) NOT NULL,
  `do_time` datetime NOT NULL,
  `do_msg` varchar(300) NOT NULL,
  `iscz` int(1) NOT NULL,
  `ismoney` int(1) NOT NULL,
  PRIMARY KEY (`id`)
) ENGINE=MyISAM  DEFAULT CHARSET=utf8 AUTO_INCREMENT=53 ;

--
-- 转存表中的数据 `pay_order`
--

INSERT INTO `pay_order` (`id`, `admin_id`, `orderid`, `goodsid`, `goodsval`, `paytype`, `paysys`, `money`, `add_time`, `add_msg`, `add_ip`, `ispay`, `pay_time`, `isdo`, `do_time`, `do_msg`, `iscz`, `ismoney`) VALUES
(9, 1004, '15500683153134', 8, '{"user":"111","money":1.99}', 'qqpay', 'epay', 1.99, '2019-02-13 22:31:55', '', '127.0.0.1', 0, '0000-00-00 00:00:00', 0, '0000-00-00 00:00:00', '', 0, 0),
(8, 1004, '15500648572548', 2, '{"num":1,"value1":"1615958039","value2":null,"value3":null,"value4":null,"value5":null,"value6":null}', 'qqpay', 'epay', 0.10, '2019-02-13 21:34:17', '', '127.0.0.1', 0, '0000-00-00 00:00:00', 0, '0000-00-00 00:00:00', '', 0, 0),
(14, 1004, '123demo', 2, '{"num":1,"value1":"1615958039","value2":null,"value3":null,"value4":null,"value5":null,"value6":null}', 'qqpay', 'epay', 0.10, '2019-02-14 11:02:38', '测试msg88897', '127.0.0.1', 1, '2019-02-14 11:03:04', 1, '2019-02-14 11:11:13', '{"status":0,"message":"u606du559cu4f60uff0cu4e0bu5355u6210u529fuff01","id":24087551,"rmb":"1.837831"}', 0, 1),
(10, 1004, '15500683492138', 8, '{"user":"111","money":"0.02"}', 'qqpay', 'epay', 0.01, '2019-02-13 22:32:29', '', '127.0.0.1', 0, '0000-00-00 00:00:00', 0, '0000-00-00 00:00:00', '', 0, 0),
(11, 1004, '15500695448624', 2, '{"num":2,"value1":"1615958039","value2":null,"value3":null,"value4":null,"value5":null,"value6":null}', 'qqpay', 'epay', 0.20, '2019-02-13 22:52:24', '', '127.0.0.1', 0, '2019-02-19 10:28:29', 0, '2019-02-14 11:28:32', '已完成订单', 0, 0),
(12, 1004, '15500697066891', 1, '{"get":"http://baidu.com/?我是a=我是B","post":"我是a=我是a","cookie":"我是B=我是B"}', 'qqpay', 'epay', 0.11, '2019-02-13 22:55:06', '', '127.0.0.1', 0, '0000-00-00 00:00:00', 0, '0000-00-00 00:00:00', '', 0, 0),
(13, 1004, '15500697783407', 7, '{"user":"111","num":2}', 'qqpay', 'epay', 4.02, '2019-02-13 22:56:18', '', '127.0.0.1', 1, '0000-00-00 00:00:00', 1, '2019-02-14 10:53:13', '已完成订单', 0, 1),
(15, 1004, '1234demo', 8, '{"user":111,"money":"1"}', 'qqpay', 'epay', 1.00, '2019-02-14 11:20:23', '测试充值余额88897', '127.0.0.1', 1, '2019-02-14 11:21:04', 1, '2019-02-14 11:21:13', '已完成订单', 0, 1),
(16, 1004, '15501519061291', 0, '', 'qqpay', 'epay', 0.01, '2019-02-14 21:45:06', '', '127.0.0.1', 0, '0000-00-00 00:00:00', 0, '0000-00-00 00:00:00', '', 0, 0),
(17, 1004, '15501519774122', 0, '', 'qqpay', 'epay', 0.01, '2019-02-14 21:46:17', '', '127.0.0.1', 1, '2019-02-14 21:48:54', 0, '0000-00-00 00:00:00', '', 0, 1),
(18, 1004, '15502264738654', 0, '', 'qqpay', 'epay', 0.01, '2019-02-15 18:27:53', '', '127.0.0.1', 1, '0000-00-00 00:00:00', 0, '0000-00-00 00:00:00', '', 0, 1),
(19, 1009, '15503262803473', 0, '', 'qqpay', 'epay', 0.01, '2019-02-16 22:11:20', '', '223.78.231.127', 0, '0000-00-00 00:00:00', 0, '0000-00-00 00:00:00', '', 0, 0),
(20, 1009, '15503263804090', 0, '', 'qqpay', 'epay', 0.01, '2019-02-16 22:13:00', '', '223.78.231.127', 0, '0000-00-00 00:00:00', 0, '0000-00-00 00:00:00', '', 0, 0),
(21, 1009, '15503264394909', 0, '', 'qqpay', 'epay', 0.01, '2019-02-16 22:13:59', '', '223.78.231.127', 1, '2019-02-16 22:14:45', 0, '0000-00-00 00:00:00', '', 0, 1),
(22, 1004, '1550415546484', 0, '', 'qqpay', 'epay', 0.02, '2019-02-17 22:59:16', '这是一个订单备注', '27.150.50.127', 1, '2019-02-17 22:59:33', 0, '0000-00-00 00:00:00', '', 0, 1),
(23, 1004, '1550416641263', 0, '', 'qqpay', 'epay', 0.02, '2019-02-17 23:17:33', '这是一个订单备注', '27.150.50.127', 1, '2019-02-17 23:17:50', 0, '0000-00-00 00:00:00', '', 0, 1),
(24, 1004, '1550454665028', 0, '', 'qqpay', 'epay', 0.02, '2019-02-18 09:51:16', '这是一个订单备注', '27.150.50.127', 1, '2019-02-18 09:51:31', 0, '0000-00-00 00:00:00', '', 0, 1),
(25, 1004, '1550455346116', 0, '', 'qqpay', 'epay', 0.02, '2019-02-18 10:02:37', '这是一个订单备注', '27.150.50.127', 0, '0000-00-00 00:00:00', 0, '0000-00-00 00:00:00', '', 0, 0),
(26, 1004, '1550455697996', 1, '{"get":"http://baidu.com/?测试参数a=demo_b","post":"测试参数a=测试参数a","cookie":"demo_b=demo_b"}', 'qqpay', 'epay', 0.11, '2019-02-18 10:08:45', '这是一个post订单备注', '61.151.178.176', 1, '2019-02-18 10:09:04', 1, '2019-02-18 10:54:39', 'PHP中文', 0, 1),
(27, 1004, '1550456952243', 2, '{"num":1,"value1":"1615958039","value2":null,"value3":null,"value4":null,"value5":null,"value6":null}', 'qqpay', 'epay', 0.10, '2019-02-18 10:29:22', '这是一个亿乐商品订单备注', '27.150.50.127', 1, '2019-02-18 10:29:42', 1, '2019-02-18 10:54:50', '{"status":-104,"message":"IP:27.150.50.127 u4e0du5728u767du540du5355u5185","url":null}', 0, 1),
(28, 1004, '1550457216313', 2, '{"num":1,"value1":"1615958039","value2":null,"value3":null,"value4":null,"value5":null,"value6":null}', 'qqpay', 'epay', 0.10, '2019-02-18 10:33:48', '这是一个亿乐商品订单备注', '58.22.114.76', 0, '0000-00-00 00:00:00', 0, '0000-00-00 00:00:00', '', 0, 0),
(29, 1004, '1550457265925', 1, '{"get":"http://baidu.com/?测试参数a=demo_b","post":"测试参数a=测试参数a","cookie":"demo_b=demo_b"}', 'qqpay', 'epay', 0.11, '2019-02-18 10:34:35', '这是一个post订单备注', '58.22.114.76', 0, '0000-00-00 00:00:00', 0, '0000-00-00 00:00:00', '', 0, 0),
(30, 1004, '1550457268050', 0, '', 'qqpay', 'epay', 0.02, '2019-02-18 10:34:38', '这是一个订单备注', '117.136.110.229', 0, '0000-00-00 00:00:00', 0, '0000-00-00 00:00:00', '', 0, 0),
(31, 1004, '1550457286667', 0, '', 'qqpay', 'epay', 0.02, '2019-02-18 10:35:36', '这是一个订单备注', '58.22.114.76', 0, '0000-00-00 00:00:00', 0, '0000-00-00 00:00:00', '', 0, 0),
(32, 1004, '1550487392364', 0, '', 'qqpay', 'epay', 0.02, '2019-02-18 18:56:44', '这是一个订单备注', '218.98.7.135', 0, '0000-00-00 00:00:00', 0, '0000-00-00 00:00:00', '', 0, 0),
(33, 1004, '1550487420070', 1, '{"get":"http://baidu.com/?测试参数a=demo_b","post":"测试参数a=测试参数a","cookie":"demo_b=demo_b"}', 'qqpay', 'epay', 0.11, '2019-02-18 18:57:09', '这是一个post订单备注', '218.98.7.135', 0, '0000-00-00 00:00:00', 0, '0000-00-00 00:00:00', '', 0, 0),
(34, 1004, '1550487430022', 2, '{"num":1,"value1":"1615958039","value2":null,"value3":null,"value4":null,"value5":null,"value6":null}', 'qqpay', 'epay', 0.10, '2019-02-18 18:57:24', '这是一个亿乐商品订单备注', '218.98.7.135', 0, '0000-00-00 00:00:00', 0, '0000-00-00 00:00:00', '', 0, 0),
(35, 1004, '15512539043354', 0, '', 'alipay', 'epay', 10.00, '2019-02-27 15:51:44', '账户充值', '127.0.0.1', 0, '0000-00-00 00:00:00', 0, '0000-00-00 00:00:00', '', 0, 0),
(38, 666, '15512554639457', 0, '', 'alipay', 'epay', 0.01, '2019-02-27 16:17:43', '15605996779', '127.0.0.1', 0, '0000-00-00 00:00:00', 0, '0000-00-00 00:00:00', '', 0, 0),
(39, 1004, '15512562086212', 0, '', 'alipay', 'epay', 0.01, '2019-02-27 16:30:08', '账户充值(15605996779)', '127.0.0.1', 1, '2019-02-27 16:31:13', 1, '0000-00-00 00:00:00', '', 1, 0),
(40, 1004, '15512566628710', 0, '', 'alipay', 'epay', 1.00, '2019-02-27 16:37:42', '账户充值(15605996779)', '127.0.0.1', 1, '2019-02-27 16:38:15', 1, '0000-00-00 00:00:00', '', 1, 0),
(41, 1004, '15512568124451', 0, '', 'qqpay', 'epay', 0.01, '2019-02-27 16:40:12', '账户充值(13023809516)', '127.0.0.1', 1, '2019-02-27 16:40:41', 1, '0000-00-00 00:00:00', '', 1, 0),
(42, 1004, '15512571952743', 0, '', 'alipay', 'epay', 0.01, '2019-02-27 16:46:35', '账户充值(13023809516)', '127.0.0.1', 1, '2019-02-27 16:47:06', 1, '0000-00-00 00:00:00', '无号码订单', 1, 0),
(43, 1004, '15512580833695', 0, '', 'alipay', 'epay', 0.01, '2019-02-27 17:01:23', '账户充值(13023809516)', '127.0.0.1', 1, '2019-02-27 17:01:46', 1, '0000-00-00 00:00:00', '', 1, 0),
(44, 1004, '15512700666914', 0, '', 'qqpay', 'epay', 0.01, '2019-02-27 20:21:06', '', '127.0.0.1', 1, '2019-02-27 20:24:03', 0, '0000-00-00 00:00:00', '', 0, 1),
(45, 1004, '15512705282292', 0, '', 'qqpay', 'epay', 0.01, '2019-02-27 20:28:48', '', '127.0.0.1', 1, '2019-02-27 20:29:34', 0, '0000-00-00 00:00:00', '', 0, 1),
(46, 1004, '15512707892125', 0, '', 'qqpay', 'epay', 0.01, '2019-02-27 20:33:09', '', '127.0.0.1', 1, '2019-02-27 20:33:32', 0, '0000-00-00 00:00:00', '', 0, 1),
(47, 1004, '15513286972572', 0, '', 'alipay', 'epay', 0.02, '2019-02-28 12:38:17', '账户充值(15605996779)', '127.0.0.1', 1, '2019-02-28 12:39:15', 1, '0000-00-00 00:00:00', '', 1, 0),
(48, 1004, '15513288716825', 0, '', 'qqpay', 'epay', 0.01, '2019-02-28 12:41:11', '', '127.0.0.1', 1, '2019-02-28 12:41:47', 0, '0000-00-00 00:00:00', '', 0, 1),
(49, 1004, '15513290089053', 0, '', 'qqpay', 'epay', 0.01, '2019-02-28 12:43:28', '', '127.0.0.1', 1, '2019-02-28 12:43:57', 0, '0000-00-00 00:00:00', '', 0, 1),
(50, 1004, '15513295478814', 0, '', 'alipay', 'epay', 0.01, '2019-02-28 12:52:27', '账户充值(15605996779)', '127.0.0.1', 1, '2019-02-28 12:55:07', 1, '0000-00-00 00:00:00', '', 1, 0),
(51, 1004, '15513296155755', 0, '', 'qqpay', 'epay', 0.01, '2019-02-28 12:53:35', '', '127.0.0.1', 1, '2019-02-28 12:55:16', 0, '0000-00-00 00:00:00', '', 0, 1),
(52, 1004, '15513304103872', 0, '', 'qqpay', 'epay', 0.01, '2019-02-28 13:06:50', '', '127.0.0.1', 1, '2019-02-28 13:07:38', 0, '0000-00-00 00:00:00', '', 0, 1);

-- --------------------------------------------------------

--
-- 表的结构 `pay_order_mail`
--

CREATE TABLE IF NOT EXISTS `pay_order_mail` (
  `id` int(11) NOT NULL AUTO_INCREMENT,
  `admin_id` bigint(20) NOT NULL,
  `orderid` varchar(20) NOT NULL,
  `zt` int(1) NOT NULL COMMENT '1已执行',
  PRIMARY KEY (`id`),
  UNIQUE KEY `orderid` (`orderid`)
) ENGINE=MyISAM  DEFAULT CHARSET=utf8 AUTO_INCREMENT=12 ;

-- --------------------------------------------------------

--
-- 表的结构 `smtp_config`
--

CREATE TABLE IF NOT EXISTS `smtp_config` (
  `id` bigint(20) NOT NULL AUTO_INCREMENT,
  `admin_id` bigint(20) NOT NULL,
  `smtp` varchar(30) NOT NULL,
  `port` int(11) NOT NULL,
  `isssl` int(11) NOT NULL,
  `user` varchar(25) NOT NULL,
  `pass` varchar(20) NOT NULL,
  `name` varchar(10) NOT NULL,
  `adminmail` varchar(30) NOT NULL,
  PRIMARY KEY (`id`)
) ENGINE=MyISAM  DEFAULT CHARSET=utf8 AUTO_INCREMENT=3 ;

--
-- 转存表中的数据 `smtp_config`
--

INSERT INTO `smtp_config` (`id`, `admin_id`, `smtp`, `port`, `isssl`, `user`, `pass`, `name`, `adminmail`) VALUES
(1, 1004, 'smtp.exmail.qq.com', 465, 1, 'www@api0.cn', 'Wasd123456', '杰哥接口', '1615958039@qq.com'),
(2, 1008, '', 0, 0, '', '', '', '');

-- --------------------------------------------------------

--
-- 表的结构 `smtp_log`
--

CREATE TABLE IF NOT EXISTS `smtp_log` (
  `id` bigint(20) NOT NULL AUTO_INCREMENT,
  `admin_id` bigint(20) NOT NULL,
  `add_time` datetime NOT NULL,
  `add_ip` varchar(15) NOT NULL,
  `add_title` varchar(20) NOT NULL,
  `add_text` varchar(300) NOT NULL,
  `add_who` varchar(25) NOT NULL,
  PRIMARY KEY (`id`)
) ENGINE=MyISAM  DEFAULT CHARSET=utf8 AUTO_INCREMENT=1008 ;

--
-- 转存表中的数据 `smtp_log`
--

INSERT INTO `smtp_log` (`id`, `admin_id`, `add_time`, `add_ip`, `add_title`, `add_text`, `add_who`) VALUES
(11, 0, '2019-02-27 20:33:43', '127.0.0.1', '支付系统收款通知', '<b>收款到账0.01元！<br>订单号：15512707892125<br>用户付款方式:qqpay<br>收款接口:epay<br>付款时间:2019-02-27 20:33:32<br>付款IP:127.0.0.1</b>', '1615958039@qq.com'),
(7, 1004, '2019-02-27 18:40:03', '127.0.0.1', '测试邮件', '这是一封来自后台服务器的测试邮件，当您看到这封邮件时，表示您的接口已配置正常！感谢您对我们的支持', '1615958039@qq.com'),
(8, 1004, '2019-02-27 20:26:53', '127.0.0.1', '支付系统收款通知', '<b>商品订单交易0.01元！<br>订单号：15512700666914<br>用户付款方式:qqpay<br>收款接口:epay<br>付款时间:2019-02-27 20:24:03<br>付款IP:127.0.0.1<br>商品ID:0</b>', '1615958039@qq.com'),
(9, 0, '2019-02-27 20:29:44', '127.0.0.1', '支付系统收款通知', '<b>收款到账0.01元！<br>订单号：15512705282292<br>用户付款方式:qqpay<br>收款接口:epay<br>付款时间:2019-02-27 20:29:34<br>付款IP:127.0.0.1</b>', '1615958039@qq.com'),
(10, 0, '2019-02-27 20:29:48', '127.0.0.1', '支付系统收款通知', '<b>收款到账0.01元！<br>订单号：15512705282292<br>用户付款方式:qqpay<br>收款接口:epay<br>付款时间:2019-02-27 20:29:34<br>付款IP:127.0.0.1</b>', '1615958039@qq.com'),
(12, 1004, '2019-02-27 23:24:29', '127.0.0.1', '支付系统收款通知', '<b>收款到账元！<br>订单号：<br>用户付款方式:<br>收款接口:<br>付款时间:<br>付款IP:</b>', ''),
(13, 1004, '2019-02-27 23:24:40', '127.0.0.1', '支付系统收款通知', '<b>收款到账元！<br>订单号：<br>用户付款方式:<br>收款接口:<br>付款时间:<br>付款IP:</b>', ''),
(14, 1004, '2019-02-27 23:24:51', '127.0.0.1', '支付系统收款通知', '<b>收款到账元！<br>订单号：<br>用户付款方式:<br>收款接口:<br>付款时间:<br>付款IP:</b>', ''),
(15, 1004, '2019-02-27 23:25:02', '127.0.0.1', '支付系统收款通知', '<b>收款到账元！<br>订单号：<br>用户付款方式:<br>收款接口:<br>付款时间:<br>付款IP:</b>', ''),
(16, 1004, '2019-02-27 23:25:13', '127.0.0.1', '支付系统收款通知', '<b>收款到账元！<br>订单号：<br>用户付款方式:<br>收款接口:<br>付款时间:<br>付款IP:</b>', ''),
(17, 1004, '2019-02-27 23:25:24', '127.0.0.1', '支付系统收款通知', '<b>收款到账元！<br>订单号：<br>用户付款方式:<br>收款接口:<br>付款时间:<br>付款IP:</b>', ''),
(18, 1004, '2019-02-27 23:25:35', '127.0.0.1', '支付系统收款通知', '<b>收款到账元！<br>订单号：<br>用户付款方式:<br>收款接口:<br>付款时间:<br>付款IP:</b>', ''),
(19, 1004, '2019-02-27 23:25:46', '127.0.0.1', '支付系统收款通知', '<b>收款到账元！<br>订单号：<br>用户付款方式:<br>收款接口:<br>付款时间:<br>付款IP:</b>', ''),
(20, 1004, '2019-02-27 23:25:57', '127.0.0.1', '支付系统收款通知', '<b>收款到账元！<br>订单号：<br>用户付款方式:<br>收款接口:<br>付款时间:<br>付款IP:</b>', ''),
(21, 1004, '2019-02-27 23:26:08', '127.0.0.1', '支付系统收款通知', '<b>收款到账元！<br>订单号：<br>用户付款方式:<br>收款接口:<br>付款时间:<br>付款IP:</b>', ''),
(22, 1004, '2019-02-27 23:26:19', '127.0.0.1', '支付系统收款通知', '<b>收款到账元！<br>订单号：<br>用户付款方式:<br>收款接口:<br>付款时间:<br>付款IP:</b>', ''),
(23, 1004, '2019-02-27 23:26:30', '127.0.0.1', '支付系统收款通知', '<b>收款到账元！<br>订单号：<br>用户付款方式:<br>收款接口:<br>付款时间:<br>付款IP:</b>', ''),
(24, 1004, '2019-02-27 23:26:41', '127.0.0.1', '支付系统收款通知', '<b>收款到账元！<br>订单号：<br>用户付款方式:<br>收款接口:<br>付款时间:<br>付款IP:</b>', ''),
(25, 1004, '2019-02-27 23:26:52', '127.0.0.1', '支付系统收款通知', '<b>收款到账元！<br>订单号：<br>用户付款方式:<br>收款接口:<br>付款时间:<br>付款IP:</b>', ''),
(26, 1004, '2019-02-27 23:27:03', '127.0.0.1', '支付系统收款通知', '<b>收款到账元！<br>订单号：<br>用户付款方式:<br>收款接口:<br>付款时间:<br>付款IP:</b>', ''),
(27, 1004, '2019-02-27 23:27:14', '127.0.0.1', '支付系统收款通知', '<b>收款到账元！<br>订单号：<br>用户付款方式:<br>收款接口:<br>付款时间:<br>付款IP:</b>', ''),
(28, 1004, '2019-02-27 23:27:25', '127.0.0.1', '支付系统收款通知', '<b>收款到账元！<br>订单号：<br>用户付款方式:<br>收款接口:<br>付款时间:<br>付款IP:</b>', ''),
(29, 1004, '2019-02-27 23:27:36', '127.0.0.1', '支付系统收款通知', '<b>收款到账元！<br>订单号：<br>用户付款方式:<br>收款接口:<br>付款时间:<br>付款IP:</b>', ''),
(30, 1004, '2019-02-27 23:27:47', '127.0.0.1', '支付系统收款通知', '<b>收款到账元！<br>订单号：<br>用户付款方式:<br>收款接口:<br>付款时间:<br>付款IP:</b>', ''),
(31, 1004, '2019-02-27 23:27:58', '127.0.0.1', '支付系统收款通知', '<b>收款到账元！<br>订单号：<br>用户付款方式:<br>收款接口:<br>付款时间:<br>付款IP:</b>', ''),
(32, 1004, '2019-02-27 23:28:09', '127.0.0.1', '支付系统收款通知', '<b>收款到账元！<br>订单号：<br>用户付款方式:<br>收款接口:<br>付款时间:<br>付款IP:</b>', ''),
(33, 1004, '2019-02-27 23:28:20', '127.0.0.1', '支付系统收款通知', '<b>收款到账元！<br>订单号：<br>用户付款方式:<br>收款接口:<br>付款时间:<br>付款IP:</b>', ''),
(34, 1004, '2019-02-27 23:28:31', '127.0.0.1', '支付系统收款通知', '<b>收款到账元！<br>订单号：<br>用户付款方式:<br>收款接口:<br>付款时间:<br>付款IP:</b>', ''),
(35, 1004, '2019-02-27 23:28:42', '127.0.0.1', '支付系统收款通知', '<b>收款到账元！<br>订单号：<br>用户付款方式:<br>收款接口:<br>付款时间:<br>付款IP:</b>', ''),
(36, 1004, '2019-02-27 23:28:53', '127.0.0.1', '支付系统收款通知', '<b>收款到账元！<br>订单号：<br>用户付款方式:<br>收款接口:<br>付款时间:<br>付款IP:</b>', ''),
(37, 1004, '2019-02-27 23:29:04', '127.0.0.1', '支付系统收款通知', '<b>收款到账元！<br>订单号：<br>用户付款方式:<br>收款接口:<br>付款时间:<br>付款IP:</b>', ''),
(38, 1004, '2019-02-27 23:29:15', '127.0.0.1', '支付系统收款通知', '<b>收款到账元！<br>订单号：<br>用户付款方式:<br>收款接口:<br>付款时间:<br>付款IP:</b>', ''),
(39, 1004, '2019-02-27 23:29:26', '127.0.0.1', '支付系统收款通知', '<b>收款到账元！<br>订单号：<br>用户付款方式:<br>收款接口:<br>付款时间:<br>付款IP:</b>', ''),
(40, 1004, '2019-02-27 23:29:37', '127.0.0.1', '支付系统收款通知', '<b>收款到账元！<br>订单号：<br>用户付款方式:<br>收款接口:<br>付款时间:<br>付款IP:</b>', ''),
(41, 1004, '2019-02-27 23:29:48', '127.0.0.1', '支付系统收款通知', '<b>收款到账元！<br>订单号：<br>用户付款方式:<br>收款接口:<br>付款时间:<br>付款IP:</b>', ''),
(42, 1004, '2019-02-27 23:29:59', '127.0.0.1', '支付系统收款通知', '<b>收款到账元！<br>订单号：<br>用户付款方式:<br>收款接口:<br>付款时间:<br>付款IP:</b>', ''),
(43, 1004, '2019-02-27 23:30:10', '127.0.0.1', '支付系统收款通知', '<b>收款到账元！<br>订单号：<br>用户付款方式:<br>收款接口:<br>付款时间:<br>付款IP:</b>', ''),
(44, 1004, '2019-02-27 23:30:21', '127.0.0.1', '支付系统收款通知', '<b>收款到账元！<br>订单号：<br>用户付款方式:<br>收款接口:<br>付款时间:<br>付款IP:</b>', ''),
(45, 1004, '2019-02-27 23:30:32', '127.0.0.1', '支付系统收款通知', '<b>收款到账元！<br>订单号：<br>用户付款方式:<br>收款接口:<br>付款时间:<br>付款IP:</b>', ''),
(46, 1004, '2019-02-27 23:30:43', '127.0.0.1', '支付系统收款通知', '<b>收款到账元！<br>订单号：<br>用户付款方式:<br>收款接口:<br>付款时间:<br>付款IP:</b>', ''),
(47, 1004, '2019-02-27 23:30:54', '127.0.0.1', '支付系统收款通知', '<b>收款到账元！<br>订单号：<br>用户付款方式:<br>收款接口:<br>付款时间:<br>付款IP:</b>', ''),
(48, 1004, '2019-02-27 23:31:05', '127.0.0.1', '支付系统收款通知', '<b>收款到账元！<br>订单号：<br>用户付款方式:<br>收款接口:<br>付款时间:<br>付款IP:</b>', ''),
(49, 1004, '2019-02-27 23:31:16', '127.0.0.1', '支付系统收款通知', '<b>收款到账元！<br>订单号：<br>用户付款方式:<br>收款接口:<br>付款时间:<br>付款IP:</b>', ''),
(50, 1004, '2019-02-27 23:31:27', '127.0.0.1', '支付系统收款通知', '<b>收款到账元！<br>订单号：<br>用户付款方式:<br>收款接口:<br>付款时间:<br>付款IP:</b>', ''),
(51, 1004, '2019-02-27 23:31:38', '127.0.0.1', '支付系统收款通知', '<b>收款到账元！<br>订单号：<br>用户付款方式:<br>收款接口:<br>付款时间:<br>付款IP:</b>', ''),
(52, 1004, '2019-02-27 23:31:49', '127.0.0.1', '支付系统收款通知', '<b>收款到账元！<br>订单号：<br>用户付款方式:<br>收款接口:<br>付款时间:<br>付款IP:</b>', ''),
(53, 1004, '2019-02-27 23:32:00', '127.0.0.1', '支付系统收款通知', '<b>收款到账元！<br>订单号：<br>用户付款方式:<br>收款接口:<br>付款时间:<br>付款IP:</b>', ''),
(54, 1004, '2019-02-27 23:32:11', '127.0.0.1', '支付系统收款通知', '<b>收款到账元！<br>订单号：<br>用户付款方式:<br>收款接口:<br>付款时间:<br>付款IP:</b>', ''),
(55, 1004, '2019-02-27 23:32:22', '127.0.0.1', '支付系统收款通知', '<b>收款到账元！<br>订单号：<br>用户付款方式:<br>收款接口:<br>付款时间:<br>付款IP:</b>', ''),
(56, 1004, '2019-02-27 23:32:33', '127.0.0.1', '支付系统收款通知', '<b>收款到账元！<br>订单号：<br>用户付款方式:<br>收款接口:<br>付款时间:<br>付款IP:</b>', ''),
(57, 1004, '2019-02-27 23:32:44', '127.0.0.1', '支付系统收款通知', '<b>收款到账元！<br>订单号：<br>用户付款方式:<br>收款接口:<br>付款时间:<br>付款IP:</b>', ''),
(58, 1004, '2019-02-27 23:32:55', '127.0.0.1', '支付系统收款通知', '<b>收款到账元！<br>订单号：<br>用户付款方式:<br>收款接口:<br>付款时间:<br>付款IP:</b>', ''),
(59, 1004, '2019-02-27 23:33:06', '127.0.0.1', '支付系统收款通知', '<b>收款到账元！<br>订单号：<br>用户付款方式:<br>收款接口:<br>付款时间:<br>付款IP:</b>', ''),
(60, 1004, '2019-02-27 23:33:17', '127.0.0.1', '支付系统收款通知', '<b>收款到账元！<br>订单号：<br>用户付款方式:<br>收款接口:<br>付款时间:<br>付款IP:</b>', ''),
(61, 1004, '2019-02-27 23:33:28', '127.0.0.1', '支付系统收款通知', '<b>收款到账元！<br>订单号：<br>用户付款方式:<br>收款接口:<br>付款时间:<br>付款IP:</b>', ''),
(62, 1004, '2019-02-27 23:33:39', '127.0.0.1', '支付系统收款通知', '<b>收款到账元！<br>订单号：<br>用户付款方式:<br>收款接口:<br>付款时间:<br>付款IP:</b>', ''),
(63, 1004, '2019-02-27 23:33:50', '127.0.0.1', '支付系统收款通知', '<b>收款到账元！<br>订单号：<br>用户付款方式:<br>收款接口:<br>付款时间:<br>付款IP:</b>', ''),
(64, 1004, '2019-02-27 23:34:01', '127.0.0.1', '支付系统收款通知', '<b>收款到账元！<br>订单号：<br>用户付款方式:<br>收款接口:<br>付款时间:<br>付款IP:</b>', ''),
(65, 1004, '2019-02-27 23:34:12', '127.0.0.1', '支付系统收款通知', '<b>收款到账元！<br>订单号：<br>用户付款方式:<br>收款接口:<br>付款时间:<br>付款IP:</b>', ''),
(66, 1004, '2019-02-27 23:34:23', '127.0.0.1', '支付系统收款通知', '<b>收款到账元！<br>订单号：<br>用户付款方式:<br>收款接口:<br>付款时间:<br>付款IP:</b>', ''),
(67, 1004, '2019-02-27 23:34:34', '127.0.0.1', '支付系统收款通知', '<b>收款到账元！<br>订单号：<br>用户付款方式:<br>收款接口:<br>付款时间:<br>付款IP:</b>', ''),
(68, 1004, '2019-02-27 23:34:45', '127.0.0.1', '支付系统收款通知', '<b>收款到账元！<br>订单号：<br>用户付款方式:<br>收款接口:<br>付款时间:<br>付款IP:</b>', ''),
(69, 1004, '2019-02-27 23:34:56', '127.0.0.1', '支付系统收款通知', '<b>收款到账元！<br>订单号：<br>用户付款方式:<br>收款接口:<br>付款时间:<br>付款IP:</b>', ''),
(70, 1004, '2019-02-27 23:35:07', '127.0.0.1', '支付系统收款通知', '<b>收款到账元！<br>订单号：<br>用户付款方式:<br>收款接口:<br>付款时间:<br>付款IP:</b>', ''),
(71, 1004, '2019-02-27 23:35:18', '127.0.0.1', '支付系统收款通知', '<b>收款到账元！<br>订单号：<br>用户付款方式:<br>收款接口:<br>付款时间:<br>付款IP:</b>', ''),
(72, 1004, '2019-02-27 23:35:29', '127.0.0.1', '支付系统收款通知', '<b>收款到账元！<br>订单号：<br>用户付款方式:<br>收款接口:<br>付款时间:<br>付款IP:</b>', ''),
(73, 1004, '2019-02-27 23:35:40', '127.0.0.1', '支付系统收款通知', '<b>收款到账元！<br>订单号：<br>用户付款方式:<br>收款接口:<br>付款时间:<br>付款IP:</b>', ''),
(74, 1004, '2019-02-27 23:35:51', '127.0.0.1', '支付系统收款通知', '<b>收款到账元！<br>订单号：<br>用户付款方式:<br>收款接口:<br>付款时间:<br>付款IP:</b>', ''),
(75, 1004, '2019-02-27 23:36:02', '127.0.0.1', '支付系统收款通知', '<b>收款到账元！<br>订单号：<br>用户付款方式:<br>收款接口:<br>付款时间:<br>付款IP:</b>', ''),
(76, 1004, '2019-02-27 23:36:13', '127.0.0.1', '支付系统收款通知', '<b>收款到账元！<br>订单号：<br>用户付款方式:<br>收款接口:<br>付款时间:<br>付款IP:</b>', ''),
(77, 1004, '2019-02-27 23:36:24', '127.0.0.1', '支付系统收款通知', '<b>收款到账元！<br>订单号：<br>用户付款方式:<br>收款接口:<br>付款时间:<br>付款IP:</b>', ''),
(78, 1004, '2019-02-27 23:36:35', '127.0.0.1', '支付系统收款通知', '<b>收款到账元！<br>订单号：<br>用户付款方式:<br>收款接口:<br>付款时间:<br>付款IP:</b>', ''),
(79, 1004, '2019-02-27 23:36:46', '127.0.0.1', '支付系统收款通知', '<b>收款到账元！<br>订单号：<br>用户付款方式:<br>收款接口:<br>付款时间:<br>付款IP:</b>', ''),
(80, 1004, '2019-02-27 23:36:57', '127.0.0.1', '支付系统收款通知', '<b>收款到账元！<br>订单号：<br>用户付款方式:<br>收款接口:<br>付款时间:<br>付款IP:</b>', ''),
(81, 1004, '2019-02-27 23:37:08', '127.0.0.1', '支付系统收款通知', '<b>收款到账元！<br>订单号：<br>用户付款方式:<br>收款接口:<br>付款时间:<br>付款IP:</b>', ''),
(82, 1004, '2019-02-27 23:37:19', '127.0.0.1', '支付系统收款通知', '<b>收款到账元！<br>订单号：<br>用户付款方式:<br>收款接口:<br>付款时间:<br>付款IP:</b>', ''),
(83, 1004, '2019-02-27 23:37:30', '127.0.0.1', '支付系统收款通知', '<b>收款到账元！<br>订单号：<br>用户付款方式:<br>收款接口:<br>付款时间:<br>付款IP:</b>', ''),
(84, 1004, '2019-02-27 23:37:41', '127.0.0.1', '支付系统收款通知', '<b>收款到账元！<br>订单号：<br>用户付款方式:<br>收款接口:<br>付款时间:<br>付款IP:</b>', ''),
(85, 1004, '2019-02-27 23:37:52', '127.0.0.1', '支付系统收款通知', '<b>收款到账元！<br>订单号：<br>用户付款方式:<br>收款接口:<br>付款时间:<br>付款IP:</b>', ''),
(86, 1004, '2019-02-27 23:38:03', '127.0.0.1', '支付系统收款通知', '<b>收款到账元！<br>订单号：<br>用户付款方式:<br>收款接口:<br>付款时间:<br>付款IP:</b>', ''),
(87, 1004, '2019-02-27 23:38:13', '127.0.0.1', '支付系统收款通知', '<b>收款到账元！<br>订单号：<br>用户付款方式:<br>收款接口:<br>付款时间:<br>付款IP:</b>', ''),
(88, 1004, '2019-02-27 23:38:24', '127.0.0.1', '支付系统收款通知', '<b>收款到账元！<br>订单号：<br>用户付款方式:<br>收款接口:<br>付款时间:<br>付款IP:</b>', ''),
(89, 1004, '2019-02-27 23:38:35', '127.0.0.1', '支付系统收款通知', '<b>收款到账元！<br>订单号：<br>用户付款方式:<br>收款接口:<br>付款时间:<br>付款IP:</b>', ''),
(90, 1004, '2019-02-27 23:38:46', '127.0.0.1', '支付系统收款通知', '<b>收款到账元！<br>订单号：<br>用户付款方式:<br>收款接口:<br>付款时间:<br>付款IP:</b>', ''),
(91, 1004, '2019-02-27 23:38:57', '127.0.0.1', '支付系统收款通知', '<b>收款到账元！<br>订单号：<br>用户付款方式:<br>收款接口:<br>付款时间:<br>付款IP:</b>', ''),
(92, 1004, '2019-02-27 23:39:08', '127.0.0.1', '支付系统收款通知', '<b>收款到账元！<br>订单号：<br>用户付款方式:<br>收款接口:<br>付款时间:<br>付款IP:</b>', ''),
(93, 1004, '2019-02-27 23:39:19', '127.0.0.1', '支付系统收款通知', '<b>收款到账元！<br>订单号：<br>用户付款方式:<br>收款接口:<br>付款时间:<br>付款IP:</b>', ''),
(94, 1004, '2019-02-27 23:39:29', '127.0.0.1', '支付系统收款通知', '<b>收款到账元！<br>订单号：<br>用户付款方式:<br>收款接口:<br>付款时间:<br>付款IP:</b>', ''),
(95, 1004, '2019-02-27 23:39:39', '127.0.0.1', '支付系统收款通知', '<b>收款到账元！<br>订单号：<br>用户付款方式:<br>收款接口:<br>付款时间:<br>付款IP:</b>', ''),
(96, 1004, '2019-02-27 23:39:49', '127.0.0.1', '支付系统收款通知', '<b>收款到账元！<br>订单号：<br>用户付款方式:<br>收款接口:<br>付款时间:<br>付款IP:</b>', ''),
(97, 1004, '2019-02-27 23:39:59', '127.0.0.1', '支付系统收款通知', '<b>收款到账元！<br>订单号：<br>用户付款方式:<br>收款接口:<br>付款时间:<br>付款IP:</b>', ''),
(98, 1004, '2019-02-27 23:40:09', '127.0.0.1', '支付系统收款通知', '<b>收款到账元！<br>订单号：<br>用户付款方式:<br>收款接口:<br>付款时间:<br>付款IP:</b>', ''),
(99, 1004, '2019-02-27 23:40:19', '127.0.0.1', '支付系统收款通知', '<b>收款到账元！<br>订单号：<br>用户付款方式:<br>收款接口:<br>付款时间:<br>付款IP:</b>', ''),
(100, 1004, '2019-02-27 23:40:29', '127.0.0.1', '支付系统收款通知', '<b>收款到账元！<br>订单号：<br>用户付款方式:<br>收款接口:<br>付款时间:<br>付款IP:</b>', ''),
(101, 1004, '2019-02-27 23:40:39', '127.0.0.1', '支付系统收款通知', '<b>收款到账元！<br>订单号：<br>用户付款方式:<br>收款接口:<br>付款时间:<br>付款IP:</b>', ''),
(102, 1004, '2019-02-27 23:40:50', '127.0.0.1', '支付系统收款通知', '<b>收款到账元！<br>订单号：<br>用户付款方式:<br>收款接口:<br>付款时间:<br>付款IP:</b>', ''),
(103, 1004, '2019-02-27 23:41:01', '127.0.0.1', '支付系统收款通知', '<b>收款到账元！<br>订单号：<br>用户付款方式:<br>收款接口:<br>付款时间:<br>付款IP:</b>', ''),
(104, 1004, '2019-02-27 23:41:12', '127.0.0.1', '支付系统收款通知', '<b>收款到账元！<br>订单号：<br>用户付款方式:<br>收款接口:<br>付款时间:<br>付款IP:</b>', ''),
(105, 1004, '2019-02-27 23:41:23', '127.0.0.1', '支付系统收款通知', '<b>收款到账元！<br>订单号：<br>用户付款方式:<br>收款接口:<br>付款时间:<br>付款IP:</b>', ''),
(106, 1004, '2019-02-27 23:41:34', '127.0.0.1', '支付系统收款通知', '<b>收款到账元！<br>订单号：<br>用户付款方式:<br>收款接口:<br>付款时间:<br>付款IP:</b>', ''),
(107, 1004, '2019-02-27 23:41:45', '127.0.0.1', '支付系统收款通知', '<b>收款到账元！<br>订单号：<br>用户付款方式:<br>收款接口:<br>付款时间:<br>付款IP:</b>', ''),
(108, 1004, '2019-02-27 23:41:56', '127.0.0.1', '支付系统收款通知', '<b>收款到账元！<br>订单号：<br>用户付款方式:<br>收款接口:<br>付款时间:<br>付款IP:</b>', ''),
(109, 1004, '2019-02-27 23:42:07', '127.0.0.1', '支付系统收款通知', '<b>收款到账元！<br>订单号：<br>用户付款方式:<br>收款接口:<br>付款时间:<br>付款IP:</b>', ''),
(110, 1004, '2019-02-27 23:42:18', '127.0.0.1', '支付系统收款通知', '<b>收款到账元！<br>订单号：<br>用户付款方式:<br>收款接口:<br>付款时间:<br>付款IP:</b>', ''),
(111, 1004, '2019-02-27 23:42:29', '127.0.0.1', '支付系统收款通知', '<b>收款到账元！<br>订单号：<br>用户付款方式:<br>收款接口:<br>付款时间:<br>付款IP:</b>', ''),
(112, 1004, '2019-02-27 23:42:40', '127.0.0.1', '支付系统收款通知', '<b>收款到账元！<br>订单号：<br>用户付款方式:<br>收款接口:<br>付款时间:<br>付款IP:</b>', ''),
(113, 1004, '2019-02-27 23:42:51', '127.0.0.1', '支付系统收款通知', '<b>收款到账元！<br>订单号：<br>用户付款方式:<br>收款接口:<br>付款时间:<br>付款IP:</b>', ''),
(114, 1004, '2019-02-27 23:43:02', '127.0.0.1', '支付系统收款通知', '<b>收款到账元！<br>订单号：<br>用户付款方式:<br>收款接口:<br>付款时间:<br>付款IP:</b>', ''),
(115, 1004, '2019-02-27 23:43:13', '127.0.0.1', '支付系统收款通知', '<b>收款到账元！<br>订单号：<br>用户付款方式:<br>收款接口:<br>付款时间:<br>付款IP:</b>', ''),
(116, 1004, '2019-02-27 23:43:24', '127.0.0.1', '支付系统收款通知', '<b>收款到账元！<br>订单号：<br>用户付款方式:<br>收款接口:<br>付款时间:<br>付款IP:</b>', ''),
(117, 1004, '2019-02-27 23:43:35', '127.0.0.1', '支付系统收款通知', '<b>收款到账元！<br>订单号：<br>用户付款方式:<br>收款接口:<br>付款时间:<br>付款IP:</b>', ''),
(118, 1004, '2019-02-27 23:43:46', '127.0.0.1', '支付系统收款通知', '<b>收款到账元！<br>订单号：<br>用户付款方式:<br>收款接口:<br>付款时间:<br>付款IP:</b>', ''),
(119, 1004, '2019-02-27 23:43:57', '127.0.0.1', '支付系统收款通知', '<b>收款到账元！<br>订单号：<br>用户付款方式:<br>收款接口:<br>付款时间:<br>付款IP:</b>', ''),
(120, 1004, '2019-02-27 23:44:08', '127.0.0.1', '支付系统收款通知', '<b>收款到账元！<br>订单号：<br>用户付款方式:<br>收款接口:<br>付款时间:<br>付款IP:</b>', ''),
(121, 1004, '2019-02-27 23:44:19', '127.0.0.1', '支付系统收款通知', '<b>收款到账元！<br>订单号：<br>用户付款方式:<br>收款接口:<br>付款时间:<br>付款IP:</b>', ''),
(122, 1004, '2019-02-27 23:44:30', '127.0.0.1', '支付系统收款通知', '<b>收款到账元！<br>订单号：<br>用户付款方式:<br>收款接口:<br>付款时间:<br>付款IP:</b>', ''),
(123, 1004, '2019-02-27 23:44:41', '127.0.0.1', '支付系统收款通知', '<b>收款到账元！<br>订单号：<br>用户付款方式:<br>收款接口:<br>付款时间:<br>付款IP:</b>', ''),
(124, 1004, '2019-02-27 23:44:52', '127.0.0.1', '支付系统收款通知', '<b>收款到账元！<br>订单号：<br>用户付款方式:<br>收款接口:<br>付款时间:<br>付款IP:</b>', ''),
(125, 1004, '2019-02-27 23:45:03', '127.0.0.1', '支付系统收款通知', '<b>收款到账元！<br>订单号：<br>用户付款方式:<br>收款接口:<br>付款时间:<br>付款IP:</b>', ''),
(126, 1004, '2019-02-27 23:45:14', '127.0.0.1', '支付系统收款通知', '<b>收款到账元！<br>订单号：<br>用户付款方式:<br>收款接口:<br>付款时间:<br>付款IP:</b>', ''),
(127, 1004, '2019-02-27 23:45:25', '127.0.0.1', '支付系统收款通知', '<b>收款到账元！<br>订单号：<br>用户付款方式:<br>收款接口:<br>付款时间:<br>付款IP:</b>', ''),
(128, 1004, '2019-02-27 23:45:36', '127.0.0.1', '支付系统收款通知', '<b>收款到账元！<br>订单号：<br>用户付款方式:<br>收款接口:<br>付款时间:<br>付款IP:</b>', ''),
(129, 1004, '2019-02-27 23:45:47', '127.0.0.1', '支付系统收款通知', '<b>收款到账元！<br>订单号：<br>用户付款方式:<br>收款接口:<br>付款时间:<br>付款IP:</b>', ''),
(130, 1004, '2019-02-27 23:45:58', '127.0.0.1', '支付系统收款通知', '<b>收款到账元！<br>订单号：<br>用户付款方式:<br>收款接口:<br>付款时间:<br>付款IP:</b>', ''),
(131, 1004, '2019-02-27 23:46:09', '127.0.0.1', '支付系统收款通知', '<b>收款到账元！<br>订单号：<br>用户付款方式:<br>收款接口:<br>付款时间:<br>付款IP:</b>', ''),
(132, 1004, '2019-02-27 23:46:20', '127.0.0.1', '支付系统收款通知', '<b>收款到账元！<br>订单号：<br>用户付款方式:<br>收款接口:<br>付款时间:<br>付款IP:</b>', ''),
(133, 1004, '2019-02-27 23:46:31', '127.0.0.1', '支付系统收款通知', '<b>收款到账元！<br>订单号：<br>用户付款方式:<br>收款接口:<br>付款时间:<br>付款IP:</b>', ''),
(134, 1004, '2019-02-27 23:46:42', '127.0.0.1', '支付系统收款通知', '<b>收款到账元！<br>订单号：<br>用户付款方式:<br>收款接口:<br>付款时间:<br>付款IP:</b>', ''),
(135, 1004, '2019-02-27 23:46:53', '127.0.0.1', '支付系统收款通知', '<b>收款到账元！<br>订单号：<br>用户付款方式:<br>收款接口:<br>付款时间:<br>付款IP:</b>', ''),
(136, 1004, '2019-02-27 23:47:04', '127.0.0.1', '支付系统收款通知', '<b>收款到账元！<br>订单号：<br>用户付款方式:<br>收款接口:<br>付款时间:<br>付款IP:</b>', ''),
(137, 1004, '2019-02-27 23:47:15', '127.0.0.1', '支付系统收款通知', '<b>收款到账元！<br>订单号：<br>用户付款方式:<br>收款接口:<br>付款时间:<br>付款IP:</b>', ''),
(138, 1004, '2019-02-27 23:47:26', '127.0.0.1', '支付系统收款通知', '<b>收款到账元！<br>订单号：<br>用户付款方式:<br>收款接口:<br>付款时间:<br>付款IP:</b>', ''),
(139, 1004, '2019-02-27 23:47:37', '127.0.0.1', '支付系统收款通知', '<b>收款到账元！<br>订单号：<br>用户付款方式:<br>收款接口:<br>付款时间:<br>付款IP:</b>', ''),
(140, 1004, '2019-02-27 23:47:48', '127.0.0.1', '支付系统收款通知', '<b>收款到账元！<br>订单号：<br>用户付款方式:<br>收款接口:<br>付款时间:<br>付款IP:</b>', ''),
(141, 1004, '2019-02-27 23:47:59', '127.0.0.1', '支付系统收款通知', '<b>收款到账元！<br>订单号：<br>用户付款方式:<br>收款接口:<br>付款时间:<br>付款IP:</b>', ''),
(142, 1004, '2019-02-27 23:48:10', '127.0.0.1', '支付系统收款通知', '<b>收款到账元！<br>订单号：<br>用户付款方式:<br>收款接口:<br>付款时间:<br>付款IP:</b>', ''),
(143, 1004, '2019-02-27 23:48:21', '127.0.0.1', '支付系统收款通知', '<b>收款到账元！<br>订单号：<br>用户付款方式:<br>收款接口:<br>付款时间:<br>付款IP:</b>', ''),
(144, 1004, '2019-02-27 23:48:32', '127.0.0.1', '支付系统收款通知', '<b>收款到账元！<br>订单号：<br>用户付款方式:<br>收款接口:<br>付款时间:<br>付款IP:</b>', ''),
(145, 1004, '2019-02-27 23:48:43', '127.0.0.1', '支付系统收款通知', '<b>收款到账元！<br>订单号：<br>用户付款方式:<br>收款接口:<br>付款时间:<br>付款IP:</b>', ''),
(146, 1004, '2019-02-27 23:48:54', '127.0.0.1', '支付系统收款通知', '<b>收款到账元！<br>订单号：<br>用户付款方式:<br>收款接口:<br>付款时间:<br>付款IP:</b>', ''),
(147, 1004, '2019-02-27 23:49:05', '127.0.0.1', '支付系统收款通知', '<b>收款到账元！<br>订单号：<br>用户付款方式:<br>收款接口:<br>付款时间:<br>付款IP:</b>', ''),
(148, 1004, '2019-02-27 23:49:16', '127.0.0.1', '支付系统收款通知', '<b>收款到账元！<br>订单号：<br>用户付款方式:<br>收款接口:<br>付款时间:<br>付款IP:</b>', ''),
(149, 1004, '2019-02-27 23:49:27', '127.0.0.1', '支付系统收款通知', '<b>收款到账元！<br>订单号：<br>用户付款方式:<br>收款接口:<br>付款时间:<br>付款IP:</b>', ''),
(150, 1004, '2019-02-27 23:49:38', '127.0.0.1', '支付系统收款通知', '<b>收款到账元！<br>订单号：<br>用户付款方式:<br>收款接口:<br>付款时间:<br>付款IP:</b>', ''),
(151, 1004, '2019-02-27 23:49:49', '127.0.0.1', '支付系统收款通知', '<b>收款到账元！<br>订单号：<br>用户付款方式:<br>收款接口:<br>付款时间:<br>付款IP:</b>', ''),
(152, 1004, '2019-02-27 23:50:00', '127.0.0.1', '支付系统收款通知', '<b>收款到账元！<br>订单号：<br>用户付款方式:<br>收款接口:<br>付款时间:<br>付款IP:</b>', ''),
(153, 1004, '2019-02-27 23:50:11', '127.0.0.1', '支付系统收款通知', '<b>收款到账元！<br>订单号：<br>用户付款方式:<br>收款接口:<br>付款时间:<br>付款IP:</b>', ''),
(154, 1004, '2019-02-27 23:50:22', '127.0.0.1', '支付系统收款通知', '<b>收款到账元！<br>订单号：<br>用户付款方式:<br>收款接口:<br>付款时间:<br>付款IP:</b>', ''),
(155, 1004, '2019-02-27 23:50:33', '127.0.0.1', '支付系统收款通知', '<b>收款到账元！<br>订单号：<br>用户付款方式:<br>收款接口:<br>付款时间:<br>付款IP:</b>', ''),
(156, 1004, '2019-02-27 23:50:44', '127.0.0.1', '支付系统收款通知', '<b>收款到账元！<br>订单号：<br>用户付款方式:<br>收款接口:<br>付款时间:<br>付款IP:</b>', ''),
(157, 1004, '2019-02-27 23:50:55', '127.0.0.1', '支付系统收款通知', '<b>收款到账元！<br>订单号：<br>用户付款方式:<br>收款接口:<br>付款时间:<br>付款IP:</b>', ''),
(158, 1004, '2019-02-27 23:51:06', '127.0.0.1', '支付系统收款通知', '<b>收款到账元！<br>订单号：<br>用户付款方式:<br>收款接口:<br>付款时间:<br>付款IP:</b>', ''),
(159, 1004, '2019-02-27 23:51:17', '127.0.0.1', '支付系统收款通知', '<b>收款到账元！<br>订单号：<br>用户付款方式:<br>收款接口:<br>付款时间:<br>付款IP:</b>', ''),
(160, 1004, '2019-02-27 23:51:28', '127.0.0.1', '支付系统收款通知', '<b>收款到账元！<br>订单号：<br>用户付款方式:<br>收款接口:<br>付款时间:<br>付款IP:</b>', ''),
(161, 1004, '2019-02-27 23:51:39', '127.0.0.1', '支付系统收款通知', '<b>收款到账元！<br>订单号：<br>用户付款方式:<br>收款接口:<br>付款时间:<br>付款IP:</b>', ''),
(162, 1004, '2019-02-27 23:51:50', '127.0.0.1', '支付系统收款通知', '<b>收款到账元！<br>订单号：<br>用户付款方式:<br>收款接口:<br>付款时间:<br>付款IP:</b>', ''),
(163, 1004, '2019-02-27 23:52:01', '127.0.0.1', '支付系统收款通知', '<b>收款到账元！<br>订单号：<br>用户付款方式:<br>收款接口:<br>付款时间:<br>付款IP:</b>', ''),
(164, 1004, '2019-02-27 23:52:12', '127.0.0.1', '支付系统收款通知', '<b>收款到账元！<br>订单号：<br>用户付款方式:<br>收款接口:<br>付款时间:<br>付款IP:</b>', ''),
(165, 1004, '2019-02-27 23:52:23', '127.0.0.1', '支付系统收款通知', '<b>收款到账元！<br>订单号：<br>用户付款方式:<br>收款接口:<br>付款时间:<br>付款IP:</b>', ''),
(166, 1004, '2019-02-27 23:52:34', '127.0.0.1', '支付系统收款通知', '<b>收款到账元！<br>订单号：<br>用户付款方式:<br>收款接口:<br>付款时间:<br>付款IP:</b>', ''),
(167, 1004, '2019-02-27 23:52:45', '127.0.0.1', '支付系统收款通知', '<b>收款到账元！<br>订单号：<br>用户付款方式:<br>收款接口:<br>付款时间:<br>付款IP:</b>', ''),
(168, 1004, '2019-02-27 23:52:56', '127.0.0.1', '支付系统收款通知', '<b>收款到账元！<br>订单号：<br>用户付款方式:<br>收款接口:<br>付款时间:<br>付款IP:</b>', ''),
(169, 1004, '2019-02-27 23:53:07', '127.0.0.1', '支付系统收款通知', '<b>收款到账元！<br>订单号：<br>用户付款方式:<br>收款接口:<br>付款时间:<br>付款IP:</b>', ''),
(170, 1004, '2019-02-27 23:53:18', '127.0.0.1', '支付系统收款通知', '<b>收款到账元！<br>订单号：<br>用户付款方式:<br>收款接口:<br>付款时间:<br>付款IP:</b>', ''),
(171, 1004, '2019-02-27 23:53:29', '127.0.0.1', '支付系统收款通知', '<b>收款到账元！<br>订单号：<br>用户付款方式:<br>收款接口:<br>付款时间:<br>付款IP:</b>', ''),
(172, 1004, '2019-02-27 23:53:40', '127.0.0.1', '支付系统收款通知', '<b>收款到账元！<br>订单号：<br>用户付款方式:<br>收款接口:<br>付款时间:<br>付款IP:</b>', ''),
(173, 1004, '2019-02-27 23:53:51', '127.0.0.1', '支付系统收款通知', '<b>收款到账元！<br>订单号：<br>用户付款方式:<br>收款接口:<br>付款时间:<br>付款IP:</b>', ''),
(174, 1004, '2019-02-27 23:54:02', '127.0.0.1', '支付系统收款通知', '<b>收款到账元！<br>订单号：<br>用户付款方式:<br>收款接口:<br>付款时间:<br>付款IP:</b>', ''),
(175, 1004, '2019-02-27 23:54:13', '127.0.0.1', '支付系统收款通知', '<b>收款到账元！<br>订单号：<br>用户付款方式:<br>收款接口:<br>付款时间:<br>付款IP:</b>', ''),
(176, 1004, '2019-02-27 23:54:24', '127.0.0.1', '支付系统收款通知', '<b>收款到账元！<br>订单号：<br>用户付款方式:<br>收款接口:<br>付款时间:<br>付款IP:</b>', ''),
(177, 1004, '2019-02-27 23:54:35', '127.0.0.1', '支付系统收款通知', '<b>收款到账元！<br>订单号：<br>用户付款方式:<br>收款接口:<br>付款时间:<br>付款IP:</b>', ''),
(178, 1004, '2019-02-27 23:54:46', '127.0.0.1', '支付系统收款通知', '<b>收款到账元！<br>订单号：<br>用户付款方式:<br>收款接口:<br>付款时间:<br>付款IP:</b>', ''),
(179, 1004, '2019-02-27 23:54:57', '127.0.0.1', '支付系统收款通知', '<b>收款到账元！<br>订单号：<br>用户付款方式:<br>收款接口:<br>付款时间:<br>付款IP:</b>', ''),
(180, 1004, '2019-02-27 23:55:08', '127.0.0.1', '支付系统收款通知', '<b>收款到账元！<br>订单号：<br>用户付款方式:<br>收款接口:<br>付款时间:<br>付款IP:</b>', ''),
(181, 1004, '2019-02-27 23:55:19', '127.0.0.1', '支付系统收款通知', '<b>收款到账元！<br>订单号：<br>用户付款方式:<br>收款接口:<br>付款时间:<br>付款IP:</b>', ''),
(182, 1004, '2019-02-27 23:55:30', '127.0.0.1', '支付系统收款通知', '<b>收款到账元！<br>订单号：<br>用户付款方式:<br>收款接口:<br>付款时间:<br>付款IP:</b>', ''),
(183, 1004, '2019-02-27 23:55:41', '127.0.0.1', '支付系统收款通知', '<b>收款到账元！<br>订单号：<br>用户付款方式:<br>收款接口:<br>付款时间:<br>付款IP:</b>', ''),
(184, 1004, '2019-02-27 23:55:52', '127.0.0.1', '支付系统收款通知', '<b>收款到账元！<br>订单号：<br>用户付款方式:<br>收款接口:<br>付款时间:<br>付款IP:</b>', ''),
(185, 1004, '2019-02-27 23:56:03', '127.0.0.1', '支付系统收款通知', '<b>收款到账元！<br>订单号：<br>用户付款方式:<br>收款接口:<br>付款时间:<br>付款IP:</b>', ''),
(186, 1004, '2019-02-27 23:56:14', '127.0.0.1', '支付系统收款通知', '<b>收款到账元！<br>订单号：<br>用户付款方式:<br>收款接口:<br>付款时间:<br>付款IP:</b>', ''),
(187, 1004, '2019-02-27 23:56:25', '127.0.0.1', '支付系统收款通知', '<b>收款到账元！<br>订单号：<br>用户付款方式:<br>收款接口:<br>付款时间:<br>付款IP:</b>', ''),
(188, 1004, '2019-02-27 23:56:36', '127.0.0.1', '支付系统收款通知', '<b>收款到账元！<br>订单号：<br>用户付款方式:<br>收款接口:<br>付款时间:<br>付款IP:</b>', ''),
(189, 1004, '2019-02-27 23:56:47', '127.0.0.1', '支付系统收款通知', '<b>收款到账元！<br>订单号：<br>用户付款方式:<br>收款接口:<br>付款时间:<br>付款IP:</b>', ''),
(190, 1004, '2019-02-27 23:56:58', '127.0.0.1', '支付系统收款通知', '<b>收款到账元！<br>订单号：<br>用户付款方式:<br>收款接口:<br>付款时间:<br>付款IP:</b>', ''),
(191, 1004, '2019-02-27 23:57:09', '127.0.0.1', '支付系统收款通知', '<b>收款到账元！<br>订单号：<br>用户付款方式:<br>收款接口:<br>付款时间:<br>付款IP:</b>', ''),
(192, 1004, '2019-02-27 23:57:20', '127.0.0.1', '支付系统收款通知', '<b>收款到账元！<br>订单号：<br>用户付款方式:<br>收款接口:<br>付款时间:<br>付款IP:</b>', ''),
(193, 1004, '2019-02-27 23:57:31', '127.0.0.1', '支付系统收款通知', '<b>收款到账元！<br>订单号：<br>用户付款方式:<br>收款接口:<br>付款时间:<br>付款IP:</b>', ''),
(194, 1004, '2019-02-27 23:57:42', '127.0.0.1', '支付系统收款通知', '<b>收款到账元！<br>订单号：<br>用户付款方式:<br>收款接口:<br>付款时间:<br>付款IP:</b>', ''),
(195, 1004, '2019-02-27 23:57:53', '127.0.0.1', '支付系统收款通知', '<b>收款到账元！<br>订单号：<br>用户付款方式:<br>收款接口:<br>付款时间:<br>付款IP:</b>', ''),
(196, 1004, '2019-02-27 23:58:04', '127.0.0.1', '支付系统收款通知', '<b>收款到账元！<br>订单号：<br>用户付款方式:<br>收款接口:<br>付款时间:<br>付款IP:</b>', ''),
(197, 1004, '2019-02-27 23:58:15', '127.0.0.1', '支付系统收款通知', '<b>收款到账元！<br>订单号：<br>用户付款方式:<br>收款接口:<br>付款时间:<br>付款IP:</b>', ''),
(198, 1004, '2019-02-27 23:58:26', '127.0.0.1', '支付系统收款通知', '<b>收款到账元！<br>订单号：<br>用户付款方式:<br>收款接口:<br>付款时间:<br>付款IP:</b>', ''),
(199, 1004, '2019-02-27 23:58:37', '127.0.0.1', '支付系统收款通知', '<b>收款到账元！<br>订单号：<br>用户付款方式:<br>收款接口:<br>付款时间:<br>付款IP:</b>', ''),
(200, 1004, '2019-02-27 23:58:48', '127.0.0.1', '支付系统收款通知', '<b>收款到账元！<br>订单号：<br>用户付款方式:<br>收款接口:<br>付款时间:<br>付款IP:</b>', ''),
(201, 1004, '2019-02-27 23:58:59', '127.0.0.1', '支付系统收款通知', '<b>收款到账元！<br>订单号：<br>用户付款方式:<br>收款接口:<br>付款时间:<br>付款IP:</b>', ''),
(202, 1004, '2019-02-27 23:59:10', '127.0.0.1', '支付系统收款通知', '<b>收款到账元！<br>订单号：<br>用户付款方式:<br>收款接口:<br>付款时间:<br>付款IP:</b>', ''),
(203, 1004, '2019-02-27 23:59:21', '127.0.0.1', '支付系统收款通知', '<b>收款到账元！<br>订单号：<br>用户付款方式:<br>收款接口:<br>付款时间:<br>付款IP:</b>', ''),
(204, 1004, '2019-02-27 23:59:32', '127.0.0.1', '支付系统收款通知', '<b>收款到账元！<br>订单号：<br>用户付款方式:<br>收款接口:<br>付款时间:<br>付款IP:</b>', ''),
(205, 1004, '2019-02-27 23:59:43', '127.0.0.1', '支付系统收款通知', '<b>收款到账元！<br>订单号：<br>用户付款方式:<br>收款接口:<br>付款时间:<br>付款IP:</b>', ''),
(206, 1004, '2019-02-27 23:59:54', '127.0.0.1', '支付系统收款通知', '<b>收款到账元！<br>订单号：<br>用户付款方式:<br>收款接口:<br>付款时间:<br>付款IP:</b>', ''),
(207, 1004, '2019-02-28 00:00:05', '127.0.0.1', '支付系统收款通知', '<b>收款到账元！<br>订单号：<br>用户付款方式:<br>收款接口:<br>付款时间:<br>付款IP:</b>', ''),
(208, 1004, '2019-02-28 00:00:16', '127.0.0.1', '支付系统收款通知', '<b>收款到账元！<br>订单号：<br>用户付款方式:<br>收款接口:<br>付款时间:<br>付款IP:</b>', ''),
(209, 1004, '2019-02-28 00:00:27', '127.0.0.1', '支付系统收款通知', '<b>收款到账元！<br>订单号：<br>用户付款方式:<br>收款接口:<br>付款时间:<br>付款IP:</b>', ''),
(210, 1004, '2019-02-28 00:00:38', '127.0.0.1', '支付系统收款通知', '<b>收款到账元！<br>订单号：<br>用户付款方式:<br>收款接口:<br>付款时间:<br>付款IP:</b>', ''),
(211, 1004, '2019-02-28 00:00:49', '127.0.0.1', '支付系统收款通知', '<b>收款到账元！<br>订单号：<br>用户付款方式:<br>收款接口:<br>付款时间:<br>付款IP:</b>', ''),
(212, 1004, '2019-02-28 00:01:00', '127.0.0.1', '支付系统收款通知', '<b>收款到账元！<br>订单号：<br>用户付款方式:<br>收款接口:<br>付款时间:<br>付款IP:</b>', ''),
(213, 1004, '2019-02-28 00:01:11', '127.0.0.1', '支付系统收款通知', '<b>收款到账元！<br>订单号：<br>用户付款方式:<br>收款接口:<br>付款时间:<br>付款IP:</b>', ''),
(214, 1004, '2019-02-28 00:01:22', '127.0.0.1', '支付系统收款通知', '<b>收款到账元！<br>订单号：<br>用户付款方式:<br>收款接口:<br>付款时间:<br>付款IP:</b>', ''),
(215, 1004, '2019-02-28 00:01:33', '127.0.0.1', '支付系统收款通知', '<b>收款到账元！<br>订单号：<br>用户付款方式:<br>收款接口:<br>付款时间:<br>付款IP:</b>', ''),
(216, 1004, '2019-02-28 00:01:44', '127.0.0.1', '支付系统收款通知', '<b>收款到账元！<br>订单号：<br>用户付款方式:<br>收款接口:<br>付款时间:<br>付款IP:</b>', ''),
(217, 1004, '2019-02-28 00:01:55', '127.0.0.1', '支付系统收款通知', '<b>收款到账元！<br>订单号：<br>用户付款方式:<br>收款接口:<br>付款时间:<br>付款IP:</b>', ''),
(218, 1004, '2019-02-28 00:02:06', '127.0.0.1', '支付系统收款通知', '<b>收款到账元！<br>订单号：<br>用户付款方式:<br>收款接口:<br>付款时间:<br>付款IP:</b>', ''),
(219, 1004, '2019-02-28 00:02:17', '127.0.0.1', '支付系统收款通知', '<b>收款到账元！<br>订单号：<br>用户付款方式:<br>收款接口:<br>付款时间:<br>付款IP:</b>', ''),
(220, 1004, '2019-02-28 00:02:28', '127.0.0.1', '支付系统收款通知', '<b>收款到账元！<br>订单号：<br>用户付款方式:<br>收款接口:<br>付款时间:<br>付款IP:</b>', ''),
(221, 1004, '2019-02-28 00:02:39', '127.0.0.1', '支付系统收款通知', '<b>收款到账元！<br>订单号：<br>用户付款方式:<br>收款接口:<br>付款时间:<br>付款IP:</b>', ''),
(222, 1004, '2019-02-28 00:02:50', '127.0.0.1', '支付系统收款通知', '<b>收款到账元！<br>订单号：<br>用户付款方式:<br>收款接口:<br>付款时间:<br>付款IP:</b>', ''),
(223, 1004, '2019-02-28 00:03:01', '127.0.0.1', '支付系统收款通知', '<b>收款到账元！<br>订单号：<br>用户付款方式:<br>收款接口:<br>付款时间:<br>付款IP:</b>', ''),
(224, 1004, '2019-02-28 00:03:12', '127.0.0.1', '支付系统收款通知', '<b>收款到账元！<br>订单号：<br>用户付款方式:<br>收款接口:<br>付款时间:<br>付款IP:</b>', ''),
(225, 1004, '2019-02-28 00:03:23', '127.0.0.1', '支付系统收款通知', '<b>收款到账元！<br>订单号：<br>用户付款方式:<br>收款接口:<br>付款时间:<br>付款IP:</b>', ''),
(226, 1004, '2019-02-28 00:03:34', '127.0.0.1', '支付系统收款通知', '<b>收款到账元！<br>订单号：<br>用户付款方式:<br>收款接口:<br>付款时间:<br>付款IP:</b>', ''),
(227, 1004, '2019-02-28 00:03:45', '127.0.0.1', '支付系统收款通知', '<b>收款到账元！<br>订单号：<br>用户付款方式:<br>收款接口:<br>付款时间:<br>付款IP:</b>', ''),
(228, 1004, '2019-02-28 00:03:56', '127.0.0.1', '支付系统收款通知', '<b>收款到账元！<br>订单号：<br>用户付款方式:<br>收款接口:<br>付款时间:<br>付款IP:</b>', ''),
(229, 1004, '2019-02-28 00:04:07', '127.0.0.1', '支付系统收款通知', '<b>收款到账元！<br>订单号：<br>用户付款方式:<br>收款接口:<br>付款时间:<br>付款IP:</b>', ''),
(230, 1004, '2019-02-28 00:04:18', '127.0.0.1', '支付系统收款通知', '<b>收款到账元！<br>订单号：<br>用户付款方式:<br>收款接口:<br>付款时间:<br>付款IP:</b>', ''),
(231, 1004, '2019-02-28 00:04:29', '127.0.0.1', '支付系统收款通知', '<b>收款到账元！<br>订单号：<br>用户付款方式:<br>收款接口:<br>付款时间:<br>付款IP:</b>', ''),
(232, 1004, '2019-02-28 00:04:40', '127.0.0.1', '支付系统收款通知', '<b>收款到账元！<br>订单号：<br>用户付款方式:<br>收款接口:<br>付款时间:<br>付款IP:</b>', ''),
(233, 1004, '2019-02-28 00:04:51', '127.0.0.1', '支付系统收款通知', '<b>收款到账元！<br>订单号：<br>用户付款方式:<br>收款接口:<br>付款时间:<br>付款IP:</b>', ''),
(234, 1004, '2019-02-28 00:05:02', '127.0.0.1', '支付系统收款通知', '<b>收款到账元！<br>订单号：<br>用户付款方式:<br>收款接口:<br>付款时间:<br>付款IP:</b>', ''),
(235, 1004, '2019-02-28 00:05:13', '127.0.0.1', '支付系统收款通知', '<b>收款到账元！<br>订单号：<br>用户付款方式:<br>收款接口:<br>付款时间:<br>付款IP:</b>', ''),
(236, 1004, '2019-02-28 00:05:24', '127.0.0.1', '支付系统收款通知', '<b>收款到账元！<br>订单号：<br>用户付款方式:<br>收款接口:<br>付款时间:<br>付款IP:</b>', ''),
(237, 1004, '2019-02-28 00:05:35', '127.0.0.1', '支付系统收款通知', '<b>收款到账元！<br>订单号：<br>用户付款方式:<br>收款接口:<br>付款时间:<br>付款IP:</b>', ''),
(238, 1004, '2019-02-28 00:05:46', '127.0.0.1', '支付系统收款通知', '<b>收款到账元！<br>订单号：<br>用户付款方式:<br>收款接口:<br>付款时间:<br>付款IP:</b>', ''),
(239, 1004, '2019-02-28 00:05:57', '127.0.0.1', '支付系统收款通知', '<b>收款到账元！<br>订单号：<br>用户付款方式:<br>收款接口:<br>付款时间:<br>付款IP:</b>', ''),
(240, 1004, '2019-02-28 00:06:08', '127.0.0.1', '支付系统收款通知', '<b>收款到账元！<br>订单号：<br>用户付款方式:<br>收款接口:<br>付款时间:<br>付款IP:</b>', ''),
(241, 1004, '2019-02-28 00:06:19', '127.0.0.1', '支付系统收款通知', '<b>收款到账元！<br>订单号：<br>用户付款方式:<br>收款接口:<br>付款时间:<br>付款IP:</b>', ''),
(242, 1004, '2019-02-28 00:06:30', '127.0.0.1', '支付系统收款通知', '<b>收款到账元！<br>订单号：<br>用户付款方式:<br>收款接口:<br>付款时间:<br>付款IP:</b>', ''),
(243, 1004, '2019-02-28 00:06:41', '127.0.0.1', '支付系统收款通知', '<b>收款到账元！<br>订单号：<br>用户付款方式:<br>收款接口:<br>付款时间:<br>付款IP:</b>', ''),
(244, 1004, '2019-02-28 00:06:52', '127.0.0.1', '支付系统收款通知', '<b>收款到账元！<br>订单号：<br>用户付款方式:<br>收款接口:<br>付款时间:<br>付款IP:</b>', ''),
(245, 1004, '2019-02-28 00:07:03', '127.0.0.1', '支付系统收款通知', '<b>收款到账元！<br>订单号：<br>用户付款方式:<br>收款接口:<br>付款时间:<br>付款IP:</b>', ''),
(246, 1004, '2019-02-28 00:07:14', '127.0.0.1', '支付系统收款通知', '<b>收款到账元！<br>订单号：<br>用户付款方式:<br>收款接口:<br>付款时间:<br>付款IP:</b>', ''),
(247, 1004, '2019-02-28 00:07:25', '127.0.0.1', '支付系统收款通知', '<b>收款到账元！<br>订单号：<br>用户付款方式:<br>收款接口:<br>付款时间:<br>付款IP:</b>', ''),
(248, 1004, '2019-02-28 00:07:36', '127.0.0.1', '支付系统收款通知', '<b>收款到账元！<br>订单号：<br>用户付款方式:<br>收款接口:<br>付款时间:<br>付款IP:</b>', ''),
(249, 1004, '2019-02-28 00:07:47', '127.0.0.1', '支付系统收款通知', '<b>收款到账元！<br>订单号：<br>用户付款方式:<br>收款接口:<br>付款时间:<br>付款IP:</b>', ''),
(250, 1004, '2019-02-28 00:07:58', '127.0.0.1', '支付系统收款通知', '<b>收款到账元！<br>订单号：<br>用户付款方式:<br>收款接口:<br>付款时间:<br>付款IP:</b>', ''),
(251, 1004, '2019-02-28 00:08:09', '127.0.0.1', '支付系统收款通知', '<b>收款到账元！<br>订单号：<br>用户付款方式:<br>收款接口:<br>付款时间:<br>付款IP:</b>', ''),
(252, 1004, '2019-02-28 00:08:20', '127.0.0.1', '支付系统收款通知', '<b>收款到账元！<br>订单号：<br>用户付款方式:<br>收款接口:<br>付款时间:<br>付款IP:</b>', ''),
(253, 1004, '2019-02-28 00:08:31', '127.0.0.1', '支付系统收款通知', '<b>收款到账元！<br>订单号：<br>用户付款方式:<br>收款接口:<br>付款时间:<br>付款IP:</b>', ''),
(254, 1004, '2019-02-28 00:08:42', '127.0.0.1', '支付系统收款通知', '<b>收款到账元！<br>订单号：<br>用户付款方式:<br>收款接口:<br>付款时间:<br>付款IP:</b>', ''),
(255, 1004, '2019-02-28 00:08:53', '127.0.0.1', '支付系统收款通知', '<b>收款到账元！<br>订单号：<br>用户付款方式:<br>收款接口:<br>付款时间:<br>付款IP:</b>', ''),
(256, 1004, '2019-02-28 00:09:04', '127.0.0.1', '支付系统收款通知', '<b>收款到账元！<br>订单号：<br>用户付款方式:<br>收款接口:<br>付款时间:<br>付款IP:</b>', ''),
(257, 1004, '2019-02-28 00:09:15', '127.0.0.1', '支付系统收款通知', '<b>收款到账元！<br>订单号：<br>用户付款方式:<br>收款接口:<br>付款时间:<br>付款IP:</b>', ''),
(258, 1004, '2019-02-28 00:09:26', '127.0.0.1', '支付系统收款通知', '<b>收款到账元！<br>订单号：<br>用户付款方式:<br>收款接口:<br>付款时间:<br>付款IP:</b>', ''),
(259, 1004, '2019-02-28 00:09:37', '127.0.0.1', '支付系统收款通知', '<b>收款到账元！<br>订单号：<br>用户付款方式:<br>收款接口:<br>付款时间:<br>付款IP:</b>', ''),
(260, 1004, '2019-02-28 00:09:48', '127.0.0.1', '支付系统收款通知', '<b>收款到账元！<br>订单号：<br>用户付款方式:<br>收款接口:<br>付款时间:<br>付款IP:</b>', ''),
(261, 1004, '2019-02-28 00:09:59', '127.0.0.1', '支付系统收款通知', '<b>收款到账元！<br>订单号：<br>用户付款方式:<br>收款接口:<br>付款时间:<br>付款IP:</b>', '');
INSERT INTO `smtp_log` (`id`, `admin_id`, `add_time`, `add_ip`, `add_title`, `add_text`, `add_who`) VALUES
(262, 1004, '2019-02-28 00:10:10', '127.0.0.1', '支付系统收款通知', '<b>收款到账元！<br>订单号：<br>用户付款方式:<br>收款接口:<br>付款时间:<br>付款IP:</b>', ''),
(263, 1004, '2019-02-28 00:10:21', '127.0.0.1', '支付系统收款通知', '<b>收款到账元！<br>订单号：<br>用户付款方式:<br>收款接口:<br>付款时间:<br>付款IP:</b>', ''),
(264, 1004, '2019-02-28 00:10:32', '127.0.0.1', '支付系统收款通知', '<b>收款到账元！<br>订单号：<br>用户付款方式:<br>收款接口:<br>付款时间:<br>付款IP:</b>', ''),
(265, 1004, '2019-02-28 00:10:43', '127.0.0.1', '支付系统收款通知', '<b>收款到账元！<br>订单号：<br>用户付款方式:<br>收款接口:<br>付款时间:<br>付款IP:</b>', ''),
(266, 1004, '2019-02-28 00:10:54', '127.0.0.1', '支付系统收款通知', '<b>收款到账元！<br>订单号：<br>用户付款方式:<br>收款接口:<br>付款时间:<br>付款IP:</b>', ''),
(267, 1004, '2019-02-28 00:11:05', '127.0.0.1', '支付系统收款通知', '<b>收款到账元！<br>订单号：<br>用户付款方式:<br>收款接口:<br>付款时间:<br>付款IP:</b>', ''),
(268, 1004, '2019-02-28 00:11:16', '127.0.0.1', '支付系统收款通知', '<b>收款到账元！<br>订单号：<br>用户付款方式:<br>收款接口:<br>付款时间:<br>付款IP:</b>', ''),
(269, 1004, '2019-02-28 00:11:27', '127.0.0.1', '支付系统收款通知', '<b>收款到账元！<br>订单号：<br>用户付款方式:<br>收款接口:<br>付款时间:<br>付款IP:</b>', ''),
(270, 1004, '2019-02-28 00:11:38', '127.0.0.1', '支付系统收款通知', '<b>收款到账元！<br>订单号：<br>用户付款方式:<br>收款接口:<br>付款时间:<br>付款IP:</b>', ''),
(271, 1004, '2019-02-28 00:11:49', '127.0.0.1', '支付系统收款通知', '<b>收款到账元！<br>订单号：<br>用户付款方式:<br>收款接口:<br>付款时间:<br>付款IP:</b>', ''),
(272, 1004, '2019-02-28 00:12:00', '127.0.0.1', '支付系统收款通知', '<b>收款到账元！<br>订单号：<br>用户付款方式:<br>收款接口:<br>付款时间:<br>付款IP:</b>', ''),
(273, 1004, '2019-02-28 00:12:11', '127.0.0.1', '支付系统收款通知', '<b>收款到账元！<br>订单号：<br>用户付款方式:<br>收款接口:<br>付款时间:<br>付款IP:</b>', ''),
(274, 1004, '2019-02-28 00:12:22', '127.0.0.1', '支付系统收款通知', '<b>收款到账元！<br>订单号：<br>用户付款方式:<br>收款接口:<br>付款时间:<br>付款IP:</b>', ''),
(275, 1004, '2019-02-28 00:12:33', '127.0.0.1', '支付系统收款通知', '<b>收款到账元！<br>订单号：<br>用户付款方式:<br>收款接口:<br>付款时间:<br>付款IP:</b>', ''),
(276, 1004, '2019-02-28 00:12:44', '127.0.0.1', '支付系统收款通知', '<b>收款到账元！<br>订单号：<br>用户付款方式:<br>收款接口:<br>付款时间:<br>付款IP:</b>', ''),
(277, 1004, '2019-02-28 00:12:55', '127.0.0.1', '支付系统收款通知', '<b>收款到账元！<br>订单号：<br>用户付款方式:<br>收款接口:<br>付款时间:<br>付款IP:</b>', ''),
(278, 1004, '2019-02-28 00:13:06', '127.0.0.1', '支付系统收款通知', '<b>收款到账元！<br>订单号：<br>用户付款方式:<br>收款接口:<br>付款时间:<br>付款IP:</b>', ''),
(279, 1004, '2019-02-28 00:13:17', '127.0.0.1', '支付系统收款通知', '<b>收款到账元！<br>订单号：<br>用户付款方式:<br>收款接口:<br>付款时间:<br>付款IP:</b>', ''),
(280, 1004, '2019-02-28 00:13:28', '127.0.0.1', '支付系统收款通知', '<b>收款到账元！<br>订单号：<br>用户付款方式:<br>收款接口:<br>付款时间:<br>付款IP:</b>', ''),
(281, 1004, '2019-02-28 00:13:39', '127.0.0.1', '支付系统收款通知', '<b>收款到账元！<br>订单号：<br>用户付款方式:<br>收款接口:<br>付款时间:<br>付款IP:</b>', ''),
(282, 1004, '2019-02-28 00:13:50', '127.0.0.1', '支付系统收款通知', '<b>收款到账元！<br>订单号：<br>用户付款方式:<br>收款接口:<br>付款时间:<br>付款IP:</b>', ''),
(283, 1004, '2019-02-28 00:14:01', '127.0.0.1', '支付系统收款通知', '<b>收款到账元！<br>订单号：<br>用户付款方式:<br>收款接口:<br>付款时间:<br>付款IP:</b>', ''),
(284, 1004, '2019-02-28 00:14:12', '127.0.0.1', '支付系统收款通知', '<b>收款到账元！<br>订单号：<br>用户付款方式:<br>收款接口:<br>付款时间:<br>付款IP:</b>', ''),
(285, 1004, '2019-02-28 00:14:23', '127.0.0.1', '支付系统收款通知', '<b>收款到账元！<br>订单号：<br>用户付款方式:<br>收款接口:<br>付款时间:<br>付款IP:</b>', ''),
(286, 1004, '2019-02-28 00:14:34', '127.0.0.1', '支付系统收款通知', '<b>收款到账元！<br>订单号：<br>用户付款方式:<br>收款接口:<br>付款时间:<br>付款IP:</b>', ''),
(287, 1004, '2019-02-28 00:14:45', '127.0.0.1', '支付系统收款通知', '<b>收款到账元！<br>订单号：<br>用户付款方式:<br>收款接口:<br>付款时间:<br>付款IP:</b>', ''),
(288, 1004, '2019-02-28 00:14:56', '127.0.0.1', '支付系统收款通知', '<b>收款到账元！<br>订单号：<br>用户付款方式:<br>收款接口:<br>付款时间:<br>付款IP:</b>', ''),
(289, 1004, '2019-02-28 00:15:07', '127.0.0.1', '支付系统收款通知', '<b>收款到账元！<br>订单号：<br>用户付款方式:<br>收款接口:<br>付款时间:<br>付款IP:</b>', ''),
(290, 1004, '2019-02-28 00:15:18', '127.0.0.1', '支付系统收款通知', '<b>收款到账元！<br>订单号：<br>用户付款方式:<br>收款接口:<br>付款时间:<br>付款IP:</b>', ''),
(291, 1004, '2019-02-28 00:15:29', '127.0.0.1', '支付系统收款通知', '<b>收款到账元！<br>订单号：<br>用户付款方式:<br>收款接口:<br>付款时间:<br>付款IP:</b>', ''),
(292, 1004, '2019-02-28 00:15:40', '127.0.0.1', '支付系统收款通知', '<b>收款到账元！<br>订单号：<br>用户付款方式:<br>收款接口:<br>付款时间:<br>付款IP:</b>', ''),
(293, 1004, '2019-02-28 00:15:51', '127.0.0.1', '支付系统收款通知', '<b>收款到账元！<br>订单号：<br>用户付款方式:<br>收款接口:<br>付款时间:<br>付款IP:</b>', ''),
(294, 1004, '2019-02-28 00:16:02', '127.0.0.1', '支付系统收款通知', '<b>收款到账元！<br>订单号：<br>用户付款方式:<br>收款接口:<br>付款时间:<br>付款IP:</b>', ''),
(295, 1004, '2019-02-28 00:16:13', '127.0.0.1', '支付系统收款通知', '<b>收款到账元！<br>订单号：<br>用户付款方式:<br>收款接口:<br>付款时间:<br>付款IP:</b>', ''),
(296, 1004, '2019-02-28 00:16:24', '127.0.0.1', '支付系统收款通知', '<b>收款到账元！<br>订单号：<br>用户付款方式:<br>收款接口:<br>付款时间:<br>付款IP:</b>', ''),
(297, 1004, '2019-02-28 00:16:35', '127.0.0.1', '支付系统收款通知', '<b>收款到账元！<br>订单号：<br>用户付款方式:<br>收款接口:<br>付款时间:<br>付款IP:</b>', ''),
(298, 1004, '2019-02-28 00:16:46', '127.0.0.1', '支付系统收款通知', '<b>收款到账元！<br>订单号：<br>用户付款方式:<br>收款接口:<br>付款时间:<br>付款IP:</b>', ''),
(299, 1004, '2019-02-28 00:16:57', '127.0.0.1', '支付系统收款通知', '<b>收款到账元！<br>订单号：<br>用户付款方式:<br>收款接口:<br>付款时间:<br>付款IP:</b>', ''),
(300, 1004, '2019-02-28 00:17:08', '127.0.0.1', '支付系统收款通知', '<b>收款到账元！<br>订单号：<br>用户付款方式:<br>收款接口:<br>付款时间:<br>付款IP:</b>', ''),
(301, 1004, '2019-02-28 00:17:19', '127.0.0.1', '支付系统收款通知', '<b>收款到账元！<br>订单号：<br>用户付款方式:<br>收款接口:<br>付款时间:<br>付款IP:</b>', ''),
(302, 1004, '2019-02-28 00:17:30', '127.0.0.1', '支付系统收款通知', '<b>收款到账元！<br>订单号：<br>用户付款方式:<br>收款接口:<br>付款时间:<br>付款IP:</b>', ''),
(303, 1004, '2019-02-28 00:17:41', '127.0.0.1', '支付系统收款通知', '<b>收款到账元！<br>订单号：<br>用户付款方式:<br>收款接口:<br>付款时间:<br>付款IP:</b>', ''),
(304, 1004, '2019-02-28 00:17:52', '127.0.0.1', '支付系统收款通知', '<b>收款到账元！<br>订单号：<br>用户付款方式:<br>收款接口:<br>付款时间:<br>付款IP:</b>', ''),
(305, 1004, '2019-02-28 00:18:03', '127.0.0.1', '支付系统收款通知', '<b>收款到账元！<br>订单号：<br>用户付款方式:<br>收款接口:<br>付款时间:<br>付款IP:</b>', ''),
(306, 1004, '2019-02-28 00:18:14', '127.0.0.1', '支付系统收款通知', '<b>收款到账元！<br>订单号：<br>用户付款方式:<br>收款接口:<br>付款时间:<br>付款IP:</b>', ''),
(307, 1004, '2019-02-28 00:18:25', '127.0.0.1', '支付系统收款通知', '<b>收款到账元！<br>订单号：<br>用户付款方式:<br>收款接口:<br>付款时间:<br>付款IP:</b>', ''),
(308, 1004, '2019-02-28 00:18:36', '127.0.0.1', '支付系统收款通知', '<b>收款到账元！<br>订单号：<br>用户付款方式:<br>收款接口:<br>付款时间:<br>付款IP:</b>', ''),
(309, 1004, '2019-02-28 00:18:47', '127.0.0.1', '支付系统收款通知', '<b>收款到账元！<br>订单号：<br>用户付款方式:<br>收款接口:<br>付款时间:<br>付款IP:</b>', ''),
(310, 1004, '2019-02-28 00:18:58', '127.0.0.1', '支付系统收款通知', '<b>收款到账元！<br>订单号：<br>用户付款方式:<br>收款接口:<br>付款时间:<br>付款IP:</b>', ''),
(311, 1004, '2019-02-28 00:19:09', '127.0.0.1', '支付系统收款通知', '<b>收款到账元！<br>订单号：<br>用户付款方式:<br>收款接口:<br>付款时间:<br>付款IP:</b>', ''),
(312, 1004, '2019-02-28 00:19:20', '127.0.0.1', '支付系统收款通知', '<b>收款到账元！<br>订单号：<br>用户付款方式:<br>收款接口:<br>付款时间:<br>付款IP:</b>', ''),
(313, 1004, '2019-02-28 00:19:31', '127.0.0.1', '支付系统收款通知', '<b>收款到账元！<br>订单号：<br>用户付款方式:<br>收款接口:<br>付款时间:<br>付款IP:</b>', ''),
(314, 1004, '2019-02-28 00:19:42', '127.0.0.1', '支付系统收款通知', '<b>收款到账元！<br>订单号：<br>用户付款方式:<br>收款接口:<br>付款时间:<br>付款IP:</b>', ''),
(315, 1004, '2019-02-28 00:19:53', '127.0.0.1', '支付系统收款通知', '<b>收款到账元！<br>订单号：<br>用户付款方式:<br>收款接口:<br>付款时间:<br>付款IP:</b>', ''),
(316, 1004, '2019-02-28 00:20:04', '127.0.0.1', '支付系统收款通知', '<b>收款到账元！<br>订单号：<br>用户付款方式:<br>收款接口:<br>付款时间:<br>付款IP:</b>', ''),
(317, 1004, '2019-02-28 00:20:15', '127.0.0.1', '支付系统收款通知', '<b>收款到账元！<br>订单号：<br>用户付款方式:<br>收款接口:<br>付款时间:<br>付款IP:</b>', ''),
(318, 1004, '2019-02-28 00:20:26', '127.0.0.1', '支付系统收款通知', '<b>收款到账元！<br>订单号：<br>用户付款方式:<br>收款接口:<br>付款时间:<br>付款IP:</b>', ''),
(319, 1004, '2019-02-28 00:20:37', '127.0.0.1', '支付系统收款通知', '<b>收款到账元！<br>订单号：<br>用户付款方式:<br>收款接口:<br>付款时间:<br>付款IP:</b>', ''),
(320, 1004, '2019-02-28 00:20:48', '127.0.0.1', '支付系统收款通知', '<b>收款到账元！<br>订单号：<br>用户付款方式:<br>收款接口:<br>付款时间:<br>付款IP:</b>', ''),
(321, 1004, '2019-02-28 00:20:59', '127.0.0.1', '支付系统收款通知', '<b>收款到账元！<br>订单号：<br>用户付款方式:<br>收款接口:<br>付款时间:<br>付款IP:</b>', ''),
(322, 1004, '2019-02-28 00:21:10', '127.0.0.1', '支付系统收款通知', '<b>收款到账元！<br>订单号：<br>用户付款方式:<br>收款接口:<br>付款时间:<br>付款IP:</b>', ''),
(323, 1004, '2019-02-28 00:21:21', '127.0.0.1', '支付系统收款通知', '<b>收款到账元！<br>订单号：<br>用户付款方式:<br>收款接口:<br>付款时间:<br>付款IP:</b>', ''),
(324, 1004, '2019-02-28 00:21:32', '127.0.0.1', '支付系统收款通知', '<b>收款到账元！<br>订单号：<br>用户付款方式:<br>收款接口:<br>付款时间:<br>付款IP:</b>', ''),
(325, 1004, '2019-02-28 00:21:43', '127.0.0.1', '支付系统收款通知', '<b>收款到账元！<br>订单号：<br>用户付款方式:<br>收款接口:<br>付款时间:<br>付款IP:</b>', ''),
(326, 1004, '2019-02-28 00:21:54', '127.0.0.1', '支付系统收款通知', '<b>收款到账元！<br>订单号：<br>用户付款方式:<br>收款接口:<br>付款时间:<br>付款IP:</b>', ''),
(327, 1004, '2019-02-28 00:22:05', '127.0.0.1', '支付系统收款通知', '<b>收款到账元！<br>订单号：<br>用户付款方式:<br>收款接口:<br>付款时间:<br>付款IP:</b>', ''),
(328, 1004, '2019-02-28 00:22:16', '127.0.0.1', '支付系统收款通知', '<b>收款到账元！<br>订单号：<br>用户付款方式:<br>收款接口:<br>付款时间:<br>付款IP:</b>', ''),
(329, 1004, '2019-02-28 00:22:27', '127.0.0.1', '支付系统收款通知', '<b>收款到账元！<br>订单号：<br>用户付款方式:<br>收款接口:<br>付款时间:<br>付款IP:</b>', ''),
(330, 1004, '2019-02-28 00:22:38', '127.0.0.1', '支付系统收款通知', '<b>收款到账元！<br>订单号：<br>用户付款方式:<br>收款接口:<br>付款时间:<br>付款IP:</b>', ''),
(331, 1004, '2019-02-28 00:22:49', '127.0.0.1', '支付系统收款通知', '<b>收款到账元！<br>订单号：<br>用户付款方式:<br>收款接口:<br>付款时间:<br>付款IP:</b>', ''),
(332, 1004, '2019-02-28 00:23:00', '127.0.0.1', '支付系统收款通知', '<b>收款到账元！<br>订单号：<br>用户付款方式:<br>收款接口:<br>付款时间:<br>付款IP:</b>', ''),
(333, 1004, '2019-02-28 00:23:11', '127.0.0.1', '支付系统收款通知', '<b>收款到账元！<br>订单号：<br>用户付款方式:<br>收款接口:<br>付款时间:<br>付款IP:</b>', ''),
(334, 1004, '2019-02-28 00:23:22', '127.0.0.1', '支付系统收款通知', '<b>收款到账元！<br>订单号：<br>用户付款方式:<br>收款接口:<br>付款时间:<br>付款IP:</b>', ''),
(335, 1004, '2019-02-28 00:23:33', '127.0.0.1', '支付系统收款通知', '<b>收款到账元！<br>订单号：<br>用户付款方式:<br>收款接口:<br>付款时间:<br>付款IP:</b>', ''),
(336, 1004, '2019-02-28 00:23:44', '127.0.0.1', '支付系统收款通知', '<b>收款到账元！<br>订单号：<br>用户付款方式:<br>收款接口:<br>付款时间:<br>付款IP:</b>', ''),
(337, 1004, '2019-02-28 00:23:55', '127.0.0.1', '支付系统收款通知', '<b>收款到账元！<br>订单号：<br>用户付款方式:<br>收款接口:<br>付款时间:<br>付款IP:</b>', ''),
(338, 1004, '2019-02-28 00:24:06', '127.0.0.1', '支付系统收款通知', '<b>收款到账元！<br>订单号：<br>用户付款方式:<br>收款接口:<br>付款时间:<br>付款IP:</b>', ''),
(339, 1004, '2019-02-28 00:24:17', '127.0.0.1', '支付系统收款通知', '<b>收款到账元！<br>订单号：<br>用户付款方式:<br>收款接口:<br>付款时间:<br>付款IP:</b>', ''),
(340, 1004, '2019-02-28 00:24:28', '127.0.0.1', '支付系统收款通知', '<b>收款到账元！<br>订单号：<br>用户付款方式:<br>收款接口:<br>付款时间:<br>付款IP:</b>', ''),
(341, 1004, '2019-02-28 00:24:39', '127.0.0.1', '支付系统收款通知', '<b>收款到账元！<br>订单号：<br>用户付款方式:<br>收款接口:<br>付款时间:<br>付款IP:</b>', ''),
(342, 1004, '2019-02-28 00:24:50', '127.0.0.1', '支付系统收款通知', '<b>收款到账元！<br>订单号：<br>用户付款方式:<br>收款接口:<br>付款时间:<br>付款IP:</b>', ''),
(343, 1004, '2019-02-28 00:25:01', '127.0.0.1', '支付系统收款通知', '<b>收款到账元！<br>订单号：<br>用户付款方式:<br>收款接口:<br>付款时间:<br>付款IP:</b>', ''),
(344, 1004, '2019-02-28 00:25:12', '127.0.0.1', '支付系统收款通知', '<b>收款到账元！<br>订单号：<br>用户付款方式:<br>收款接口:<br>付款时间:<br>付款IP:</b>', ''),
(345, 1004, '2019-02-28 00:25:23', '127.0.0.1', '支付系统收款通知', '<b>收款到账元！<br>订单号：<br>用户付款方式:<br>收款接口:<br>付款时间:<br>付款IP:</b>', ''),
(346, 1004, '2019-02-28 00:25:34', '127.0.0.1', '支付系统收款通知', '<b>收款到账元！<br>订单号：<br>用户付款方式:<br>收款接口:<br>付款时间:<br>付款IP:</b>', ''),
(347, 1004, '2019-02-28 00:25:45', '127.0.0.1', '支付系统收款通知', '<b>收款到账元！<br>订单号：<br>用户付款方式:<br>收款接口:<br>付款时间:<br>付款IP:</b>', ''),
(348, 1004, '2019-02-28 00:25:56', '127.0.0.1', '支付系统收款通知', '<b>收款到账元！<br>订单号：<br>用户付款方式:<br>收款接口:<br>付款时间:<br>付款IP:</b>', ''),
(349, 1004, '2019-02-28 00:26:07', '127.0.0.1', '支付系统收款通知', '<b>收款到账元！<br>订单号：<br>用户付款方式:<br>收款接口:<br>付款时间:<br>付款IP:</b>', ''),
(350, 1004, '2019-02-28 00:26:18', '127.0.0.1', '支付系统收款通知', '<b>收款到账元！<br>订单号：<br>用户付款方式:<br>收款接口:<br>付款时间:<br>付款IP:</b>', ''),
(351, 1004, '2019-02-28 00:26:29', '127.0.0.1', '支付系统收款通知', '<b>收款到账元！<br>订单号：<br>用户付款方式:<br>收款接口:<br>付款时间:<br>付款IP:</b>', ''),
(352, 1004, '2019-02-28 00:26:40', '127.0.0.1', '支付系统收款通知', '<b>收款到账元！<br>订单号：<br>用户付款方式:<br>收款接口:<br>付款时间:<br>付款IP:</b>', ''),
(353, 1004, '2019-02-28 00:26:51', '127.0.0.1', '支付系统收款通知', '<b>收款到账元！<br>订单号：<br>用户付款方式:<br>收款接口:<br>付款时间:<br>付款IP:</b>', ''),
(354, 1004, '2019-02-28 00:27:02', '127.0.0.1', '支付系统收款通知', '<b>收款到账元！<br>订单号：<br>用户付款方式:<br>收款接口:<br>付款时间:<br>付款IP:</b>', ''),
(355, 1004, '2019-02-28 00:27:13', '127.0.0.1', '支付系统收款通知', '<b>收款到账元！<br>订单号：<br>用户付款方式:<br>收款接口:<br>付款时间:<br>付款IP:</b>', ''),
(356, 1004, '2019-02-28 00:27:24', '127.0.0.1', '支付系统收款通知', '<b>收款到账元！<br>订单号：<br>用户付款方式:<br>收款接口:<br>付款时间:<br>付款IP:</b>', ''),
(357, 1004, '2019-02-28 00:27:35', '127.0.0.1', '支付系统收款通知', '<b>收款到账元！<br>订单号：<br>用户付款方式:<br>收款接口:<br>付款时间:<br>付款IP:</b>', ''),
(358, 1004, '2019-02-28 00:27:46', '127.0.0.1', '支付系统收款通知', '<b>收款到账元！<br>订单号：<br>用户付款方式:<br>收款接口:<br>付款时间:<br>付款IP:</b>', ''),
(359, 1004, '2019-02-28 00:27:57', '127.0.0.1', '支付系统收款通知', '<b>收款到账元！<br>订单号：<br>用户付款方式:<br>收款接口:<br>付款时间:<br>付款IP:</b>', ''),
(360, 1004, '2019-02-28 00:28:08', '127.0.0.1', '支付系统收款通知', '<b>收款到账元！<br>订单号：<br>用户付款方式:<br>收款接口:<br>付款时间:<br>付款IP:</b>', ''),
(361, 1004, '2019-02-28 00:28:19', '127.0.0.1', '支付系统收款通知', '<b>收款到账元！<br>订单号：<br>用户付款方式:<br>收款接口:<br>付款时间:<br>付款IP:</b>', ''),
(362, 1004, '2019-02-28 00:28:30', '127.0.0.1', '支付系统收款通知', '<b>收款到账元！<br>订单号：<br>用户付款方式:<br>收款接口:<br>付款时间:<br>付款IP:</b>', ''),
(363, 1004, '2019-02-28 00:28:41', '127.0.0.1', '支付系统收款通知', '<b>收款到账元！<br>订单号：<br>用户付款方式:<br>收款接口:<br>付款时间:<br>付款IP:</b>', ''),
(364, 1004, '2019-02-28 00:28:52', '127.0.0.1', '支付系统收款通知', '<b>收款到账元！<br>订单号：<br>用户付款方式:<br>收款接口:<br>付款时间:<br>付款IP:</b>', ''),
(365, 1004, '2019-02-28 00:29:03', '127.0.0.1', '支付系统收款通知', '<b>收款到账元！<br>订单号：<br>用户付款方式:<br>收款接口:<br>付款时间:<br>付款IP:</b>', ''),
(366, 1004, '2019-02-28 00:29:14', '127.0.0.1', '支付系统收款通知', '<b>收款到账元！<br>订单号：<br>用户付款方式:<br>收款接口:<br>付款时间:<br>付款IP:</b>', ''),
(367, 1004, '2019-02-28 00:29:25', '127.0.0.1', '支付系统收款通知', '<b>收款到账元！<br>订单号：<br>用户付款方式:<br>收款接口:<br>付款时间:<br>付款IP:</b>', ''),
(368, 1004, '2019-02-28 00:29:36', '127.0.0.1', '支付系统收款通知', '<b>收款到账元！<br>订单号：<br>用户付款方式:<br>收款接口:<br>付款时间:<br>付款IP:</b>', ''),
(369, 1004, '2019-02-28 00:29:47', '127.0.0.1', '支付系统收款通知', '<b>收款到账元！<br>订单号：<br>用户付款方式:<br>收款接口:<br>付款时间:<br>付款IP:</b>', ''),
(370, 1004, '2019-02-28 00:29:58', '127.0.0.1', '支付系统收款通知', '<b>收款到账元！<br>订单号：<br>用户付款方式:<br>收款接口:<br>付款时间:<br>付款IP:</b>', ''),
(371, 1004, '2019-02-28 00:30:09', '127.0.0.1', '支付系统收款通知', '<b>收款到账元！<br>订单号：<br>用户付款方式:<br>收款接口:<br>付款时间:<br>付款IP:</b>', ''),
(372, 1004, '2019-02-28 00:30:20', '127.0.0.1', '支付系统收款通知', '<b>收款到账元！<br>订单号：<br>用户付款方式:<br>收款接口:<br>付款时间:<br>付款IP:</b>', ''),
(373, 1004, '2019-02-28 00:30:31', '127.0.0.1', '支付系统收款通知', '<b>收款到账元！<br>订单号：<br>用户付款方式:<br>收款接口:<br>付款时间:<br>付款IP:</b>', ''),
(374, 1004, '2019-02-28 00:30:42', '127.0.0.1', '支付系统收款通知', '<b>收款到账元！<br>订单号：<br>用户付款方式:<br>收款接口:<br>付款时间:<br>付款IP:</b>', ''),
(375, 1004, '2019-02-28 00:30:53', '127.0.0.1', '支付系统收款通知', '<b>收款到账元！<br>订单号：<br>用户付款方式:<br>收款接口:<br>付款时间:<br>付款IP:</b>', ''),
(376, 1004, '2019-02-28 00:31:04', '127.0.0.1', '支付系统收款通知', '<b>收款到账元！<br>订单号：<br>用户付款方式:<br>收款接口:<br>付款时间:<br>付款IP:</b>', ''),
(377, 1004, '2019-02-28 00:31:15', '127.0.0.1', '支付系统收款通知', '<b>收款到账元！<br>订单号：<br>用户付款方式:<br>收款接口:<br>付款时间:<br>付款IP:</b>', ''),
(378, 1004, '2019-02-28 00:31:26', '127.0.0.1', '支付系统收款通知', '<b>收款到账元！<br>订单号：<br>用户付款方式:<br>收款接口:<br>付款时间:<br>付款IP:</b>', ''),
(379, 1004, '2019-02-28 00:31:37', '127.0.0.1', '支付系统收款通知', '<b>收款到账元！<br>订单号：<br>用户付款方式:<br>收款接口:<br>付款时间:<br>付款IP:</b>', ''),
(380, 1004, '2019-02-28 00:31:48', '127.0.0.1', '支付系统收款通知', '<b>收款到账元！<br>订单号：<br>用户付款方式:<br>收款接口:<br>付款时间:<br>付款IP:</b>', ''),
(381, 1004, '2019-02-28 00:31:59', '127.0.0.1', '支付系统收款通知', '<b>收款到账元！<br>订单号：<br>用户付款方式:<br>收款接口:<br>付款时间:<br>付款IP:</b>', ''),
(382, 1004, '2019-02-28 00:32:10', '127.0.0.1', '支付系统收款通知', '<b>收款到账元！<br>订单号：<br>用户付款方式:<br>收款接口:<br>付款时间:<br>付款IP:</b>', ''),
(383, 1004, '2019-02-28 00:32:21', '127.0.0.1', '支付系统收款通知', '<b>收款到账元！<br>订单号：<br>用户付款方式:<br>收款接口:<br>付款时间:<br>付款IP:</b>', ''),
(384, 1004, '2019-02-28 00:32:32', '127.0.0.1', '支付系统收款通知', '<b>收款到账元！<br>订单号：<br>用户付款方式:<br>收款接口:<br>付款时间:<br>付款IP:</b>', ''),
(385, 1004, '2019-02-28 00:32:43', '127.0.0.1', '支付系统收款通知', '<b>收款到账元！<br>订单号：<br>用户付款方式:<br>收款接口:<br>付款时间:<br>付款IP:</b>', ''),
(386, 1004, '2019-02-28 00:32:54', '127.0.0.1', '支付系统收款通知', '<b>收款到账元！<br>订单号：<br>用户付款方式:<br>收款接口:<br>付款时间:<br>付款IP:</b>', ''),
(387, 1004, '2019-02-28 00:33:05', '127.0.0.1', '支付系统收款通知', '<b>收款到账元！<br>订单号：<br>用户付款方式:<br>收款接口:<br>付款时间:<br>付款IP:</b>', ''),
(388, 1004, '2019-02-28 00:33:16', '127.0.0.1', '支付系统收款通知', '<b>收款到账元！<br>订单号：<br>用户付款方式:<br>收款接口:<br>付款时间:<br>付款IP:</b>', ''),
(389, 1004, '2019-02-28 00:33:27', '127.0.0.1', '支付系统收款通知', '<b>收款到账元！<br>订单号：<br>用户付款方式:<br>收款接口:<br>付款时间:<br>付款IP:</b>', ''),
(390, 1004, '2019-02-28 00:33:38', '127.0.0.1', '支付系统收款通知', '<b>收款到账元！<br>订单号：<br>用户付款方式:<br>收款接口:<br>付款时间:<br>付款IP:</b>', ''),
(391, 1004, '2019-02-28 00:33:49', '127.0.0.1', '支付系统收款通知', '<b>收款到账元！<br>订单号：<br>用户付款方式:<br>收款接口:<br>付款时间:<br>付款IP:</b>', ''),
(392, 1004, '2019-02-28 00:34:00', '127.0.0.1', '支付系统收款通知', '<b>收款到账元！<br>订单号：<br>用户付款方式:<br>收款接口:<br>付款时间:<br>付款IP:</b>', ''),
(393, 1004, '2019-02-28 00:34:11', '127.0.0.1', '支付系统收款通知', '<b>收款到账元！<br>订单号：<br>用户付款方式:<br>收款接口:<br>付款时间:<br>付款IP:</b>', ''),
(394, 1004, '2019-02-28 00:34:22', '127.0.0.1', '支付系统收款通知', '<b>收款到账元！<br>订单号：<br>用户付款方式:<br>收款接口:<br>付款时间:<br>付款IP:</b>', ''),
(395, 1004, '2019-02-28 00:34:33', '127.0.0.1', '支付系统收款通知', '<b>收款到账元！<br>订单号：<br>用户付款方式:<br>收款接口:<br>付款时间:<br>付款IP:</b>', ''),
(396, 1004, '2019-02-28 00:34:44', '127.0.0.1', '支付系统收款通知', '<b>收款到账元！<br>订单号：<br>用户付款方式:<br>收款接口:<br>付款时间:<br>付款IP:</b>', ''),
(397, 1004, '2019-02-28 00:34:55', '127.0.0.1', '支付系统收款通知', '<b>收款到账元！<br>订单号：<br>用户付款方式:<br>收款接口:<br>付款时间:<br>付款IP:</b>', ''),
(398, 1004, '2019-02-28 00:35:06', '127.0.0.1', '支付系统收款通知', '<b>收款到账元！<br>订单号：<br>用户付款方式:<br>收款接口:<br>付款时间:<br>付款IP:</b>', ''),
(399, 1004, '2019-02-28 00:35:17', '127.0.0.1', '支付系统收款通知', '<b>收款到账元！<br>订单号：<br>用户付款方式:<br>收款接口:<br>付款时间:<br>付款IP:</b>', ''),
(400, 1004, '2019-02-28 00:35:28', '127.0.0.1', '支付系统收款通知', '<b>收款到账元！<br>订单号：<br>用户付款方式:<br>收款接口:<br>付款时间:<br>付款IP:</b>', ''),
(401, 1004, '2019-02-28 00:35:39', '127.0.0.1', '支付系统收款通知', '<b>收款到账元！<br>订单号：<br>用户付款方式:<br>收款接口:<br>付款时间:<br>付款IP:</b>', ''),
(402, 1004, '2019-02-28 00:35:50', '127.0.0.1', '支付系统收款通知', '<b>收款到账元！<br>订单号：<br>用户付款方式:<br>收款接口:<br>付款时间:<br>付款IP:</b>', ''),
(403, 1004, '2019-02-28 00:36:01', '127.0.0.1', '支付系统收款通知', '<b>收款到账元！<br>订单号：<br>用户付款方式:<br>收款接口:<br>付款时间:<br>付款IP:</b>', ''),
(404, 1004, '2019-02-28 00:36:12', '127.0.0.1', '支付系统收款通知', '<b>收款到账元！<br>订单号：<br>用户付款方式:<br>收款接口:<br>付款时间:<br>付款IP:</b>', ''),
(405, 1004, '2019-02-28 00:36:23', '127.0.0.1', '支付系统收款通知', '<b>收款到账元！<br>订单号：<br>用户付款方式:<br>收款接口:<br>付款时间:<br>付款IP:</b>', ''),
(406, 1004, '2019-02-28 00:36:34', '127.0.0.1', '支付系统收款通知', '<b>收款到账元！<br>订单号：<br>用户付款方式:<br>收款接口:<br>付款时间:<br>付款IP:</b>', ''),
(407, 1004, '2019-02-28 00:36:45', '127.0.0.1', '支付系统收款通知', '<b>收款到账元！<br>订单号：<br>用户付款方式:<br>收款接口:<br>付款时间:<br>付款IP:</b>', ''),
(408, 1004, '2019-02-28 00:36:56', '127.0.0.1', '支付系统收款通知', '<b>收款到账元！<br>订单号：<br>用户付款方式:<br>收款接口:<br>付款时间:<br>付款IP:</b>', ''),
(409, 1004, '2019-02-28 00:37:07', '127.0.0.1', '支付系统收款通知', '<b>收款到账元！<br>订单号：<br>用户付款方式:<br>收款接口:<br>付款时间:<br>付款IP:</b>', ''),
(410, 1004, '2019-02-28 00:37:18', '127.0.0.1', '支付系统收款通知', '<b>收款到账元！<br>订单号：<br>用户付款方式:<br>收款接口:<br>付款时间:<br>付款IP:</b>', ''),
(411, 1004, '2019-02-28 00:37:29', '127.0.0.1', '支付系统收款通知', '<b>收款到账元！<br>订单号：<br>用户付款方式:<br>收款接口:<br>付款时间:<br>付款IP:</b>', ''),
(412, 1004, '2019-02-28 00:37:40', '127.0.0.1', '支付系统收款通知', '<b>收款到账元！<br>订单号：<br>用户付款方式:<br>收款接口:<br>付款时间:<br>付款IP:</b>', ''),
(413, 1004, '2019-02-28 00:37:51', '127.0.0.1', '支付系统收款通知', '<b>收款到账元！<br>订单号：<br>用户付款方式:<br>收款接口:<br>付款时间:<br>付款IP:</b>', ''),
(414, 1004, '2019-02-28 00:38:02', '127.0.0.1', '支付系统收款通知', '<b>收款到账元！<br>订单号：<br>用户付款方式:<br>收款接口:<br>付款时间:<br>付款IP:</b>', ''),
(415, 1004, '2019-02-28 00:38:13', '127.0.0.1', '支付系统收款通知', '<b>收款到账元！<br>订单号：<br>用户付款方式:<br>收款接口:<br>付款时间:<br>付款IP:</b>', ''),
(416, 1004, '2019-02-28 00:38:24', '127.0.0.1', '支付系统收款通知', '<b>收款到账元！<br>订单号：<br>用户付款方式:<br>收款接口:<br>付款时间:<br>付款IP:</b>', ''),
(417, 1004, '2019-02-28 00:38:35', '127.0.0.1', '支付系统收款通知', '<b>收款到账元！<br>订单号：<br>用户付款方式:<br>收款接口:<br>付款时间:<br>付款IP:</b>', ''),
(418, 1004, '2019-02-28 00:38:46', '127.0.0.1', '支付系统收款通知', '<b>收款到账元！<br>订单号：<br>用户付款方式:<br>收款接口:<br>付款时间:<br>付款IP:</b>', ''),
(419, 1004, '2019-02-28 00:38:57', '127.0.0.1', '支付系统收款通知', '<b>收款到账元！<br>订单号：<br>用户付款方式:<br>收款接口:<br>付款时间:<br>付款IP:</b>', ''),
(420, 1004, '2019-02-28 00:39:08', '127.0.0.1', '支付系统收款通知', '<b>收款到账元！<br>订单号：<br>用户付款方式:<br>收款接口:<br>付款时间:<br>付款IP:</b>', ''),
(421, 1004, '2019-02-28 00:39:19', '127.0.0.1', '支付系统收款通知', '<b>收款到账元！<br>订单号：<br>用户付款方式:<br>收款接口:<br>付款时间:<br>付款IP:</b>', ''),
(422, 1004, '2019-02-28 00:39:30', '127.0.0.1', '支付系统收款通知', '<b>收款到账元！<br>订单号：<br>用户付款方式:<br>收款接口:<br>付款时间:<br>付款IP:</b>', ''),
(423, 1004, '2019-02-28 00:39:41', '127.0.0.1', '支付系统收款通知', '<b>收款到账元！<br>订单号：<br>用户付款方式:<br>收款接口:<br>付款时间:<br>付款IP:</b>', ''),
(424, 1004, '2019-02-28 00:39:52', '127.0.0.1', '支付系统收款通知', '<b>收款到账元！<br>订单号：<br>用户付款方式:<br>收款接口:<br>付款时间:<br>付款IP:</b>', ''),
(425, 1004, '2019-02-28 00:40:03', '127.0.0.1', '支付系统收款通知', '<b>收款到账元！<br>订单号：<br>用户付款方式:<br>收款接口:<br>付款时间:<br>付款IP:</b>', ''),
(426, 1004, '2019-02-28 00:40:14', '127.0.0.1', '支付系统收款通知', '<b>收款到账元！<br>订单号：<br>用户付款方式:<br>收款接口:<br>付款时间:<br>付款IP:</b>', ''),
(427, 1004, '2019-02-28 00:40:25', '127.0.0.1', '支付系统收款通知', '<b>收款到账元！<br>订单号：<br>用户付款方式:<br>收款接口:<br>付款时间:<br>付款IP:</b>', ''),
(428, 1004, '2019-02-28 00:40:36', '127.0.0.1', '支付系统收款通知', '<b>收款到账元！<br>订单号：<br>用户付款方式:<br>收款接口:<br>付款时间:<br>付款IP:</b>', ''),
(429, 1004, '2019-02-28 00:40:47', '127.0.0.1', '支付系统收款通知', '<b>收款到账元！<br>订单号：<br>用户付款方式:<br>收款接口:<br>付款时间:<br>付款IP:</b>', ''),
(430, 1004, '2019-02-28 00:40:58', '127.0.0.1', '支付系统收款通知', '<b>收款到账元！<br>订单号：<br>用户付款方式:<br>收款接口:<br>付款时间:<br>付款IP:</b>', ''),
(431, 1004, '2019-02-28 00:41:09', '127.0.0.1', '支付系统收款通知', '<b>收款到账元！<br>订单号：<br>用户付款方式:<br>收款接口:<br>付款时间:<br>付款IP:</b>', ''),
(432, 1004, '2019-02-28 00:41:20', '127.0.0.1', '支付系统收款通知', '<b>收款到账元！<br>订单号：<br>用户付款方式:<br>收款接口:<br>付款时间:<br>付款IP:</b>', ''),
(433, 1004, '2019-02-28 00:41:31', '127.0.0.1', '支付系统收款通知', '<b>收款到账元！<br>订单号：<br>用户付款方式:<br>收款接口:<br>付款时间:<br>付款IP:</b>', ''),
(434, 1004, '2019-02-28 00:41:42', '127.0.0.1', '支付系统收款通知', '<b>收款到账元！<br>订单号：<br>用户付款方式:<br>收款接口:<br>付款时间:<br>付款IP:</b>', ''),
(435, 1004, '2019-02-28 00:41:53', '127.0.0.1', '支付系统收款通知', '<b>收款到账元！<br>订单号：<br>用户付款方式:<br>收款接口:<br>付款时间:<br>付款IP:</b>', ''),
(436, 1004, '2019-02-28 00:42:04', '127.0.0.1', '支付系统收款通知', '<b>收款到账元！<br>订单号：<br>用户付款方式:<br>收款接口:<br>付款时间:<br>付款IP:</b>', ''),
(437, 1004, '2019-02-28 00:42:15', '127.0.0.1', '支付系统收款通知', '<b>收款到账元！<br>订单号：<br>用户付款方式:<br>收款接口:<br>付款时间:<br>付款IP:</b>', ''),
(438, 1004, '2019-02-28 00:42:26', '127.0.0.1', '支付系统收款通知', '<b>收款到账元！<br>订单号：<br>用户付款方式:<br>收款接口:<br>付款时间:<br>付款IP:</b>', ''),
(439, 1004, '2019-02-28 00:42:37', '127.0.0.1', '支付系统收款通知', '<b>收款到账元！<br>订单号：<br>用户付款方式:<br>收款接口:<br>付款时间:<br>付款IP:</b>', ''),
(440, 1004, '2019-02-28 00:42:46', '127.0.0.1', '支付系统收款通知', '<b>收款到账元！<br>订单号：<br>用户付款方式:<br>收款接口:<br>付款时间:<br>付款IP:</b>', ''),
(441, 1004, '2019-02-28 00:42:56', '127.0.0.1', '支付系统收款通知', '<b>收款到账元！<br>订单号：<br>用户付款方式:<br>收款接口:<br>付款时间:<br>付款IP:</b>', ''),
(442, 1004, '2019-02-28 00:42:58', '127.0.0.1', '支付系统收款通知', '<b>收款到账元！<br>订单号：<br>用户付款方式:<br>收款接口:<br>付款时间:<br>付款IP:</b>', ''),
(443, 1004, '2019-02-28 00:43:02', '127.0.0.1', '支付系统收款通知', '<b>收款到账元！<br>订单号：<br>用户付款方式:<br>收款接口:<br>付款时间:<br>付款IP:</b>', ''),
(444, 1004, '2019-02-28 00:43:12', '127.0.0.1', '支付系统收款通知', '<b>收款到账元！<br>订单号：<br>用户付款方式:<br>收款接口:<br>付款时间:<br>付款IP:</b>', ''),
(445, 1004, '2019-02-28 00:43:22', '127.0.0.1', '支付系统收款通知', '<b>收款到账元！<br>订单号：<br>用户付款方式:<br>收款接口:<br>付款时间:<br>付款IP:</b>', ''),
(446, 1004, '2019-02-28 00:43:32', '127.0.0.1', '支付系统收款通知', '<b>收款到账元！<br>订单号：<br>用户付款方式:<br>收款接口:<br>付款时间:<br>付款IP:</b>', ''),
(447, 1004, '2019-02-28 00:43:42', '127.0.0.1', '支付系统收款通知', '<b>收款到账元！<br>订单号：<br>用户付款方式:<br>收款接口:<br>付款时间:<br>付款IP:</b>', ''),
(448, 1004, '2019-02-28 00:43:52', '127.0.0.1', '支付系统收款通知', '<b>收款到账元！<br>订单号：<br>用户付款方式:<br>收款接口:<br>付款时间:<br>付款IP:</b>', ''),
(449, 1004, '2019-02-28 00:44:02', '127.0.0.1', '支付系统收款通知', '<b>收款到账元！<br>订单号：<br>用户付款方式:<br>收款接口:<br>付款时间:<br>付款IP:</b>', ''),
(450, 1004, '2019-02-28 00:44:12', '127.0.0.1', '支付系统收款通知', '<b>收款到账元！<br>订单号：<br>用户付款方式:<br>收款接口:<br>付款时间:<br>付款IP:</b>', ''),
(451, 1004, '2019-02-28 00:44:22', '127.0.0.1', '支付系统收款通知', '<b>收款到账元！<br>订单号：<br>用户付款方式:<br>收款接口:<br>付款时间:<br>付款IP:</b>', ''),
(452, 1004, '2019-02-28 00:44:32', '127.0.0.1', '支付系统收款通知', '<b>收款到账元！<br>订单号：<br>用户付款方式:<br>收款接口:<br>付款时间:<br>付款IP:</b>', ''),
(453, 1004, '2019-02-28 00:44:43', '127.0.0.1', '支付系统收款通知', '<b>收款到账元！<br>订单号：<br>用户付款方式:<br>收款接口:<br>付款时间:<br>付款IP:</b>', ''),
(454, 1004, '2019-02-28 00:44:54', '127.0.0.1', '支付系统收款通知', '<b>收款到账元！<br>订单号：<br>用户付款方式:<br>收款接口:<br>付款时间:<br>付款IP:</b>', ''),
(455, 1004, '2019-02-28 00:45:05', '127.0.0.1', '支付系统收款通知', '<b>收款到账元！<br>订单号：<br>用户付款方式:<br>收款接口:<br>付款时间:<br>付款IP:</b>', ''),
(456, 1004, '2019-02-28 00:45:16', '127.0.0.1', '支付系统收款通知', '<b>收款到账元！<br>订单号：<br>用户付款方式:<br>收款接口:<br>付款时间:<br>付款IP:</b>', ''),
(457, 1004, '2019-02-28 00:45:27', '127.0.0.1', '支付系统收款通知', '<b>收款到账元！<br>订单号：<br>用户付款方式:<br>收款接口:<br>付款时间:<br>付款IP:</b>', ''),
(458, 1004, '2019-02-28 00:45:38', '127.0.0.1', '支付系统收款通知', '<b>收款到账元！<br>订单号：<br>用户付款方式:<br>收款接口:<br>付款时间:<br>付款IP:</b>', ''),
(459, 1004, '2019-02-28 00:45:49', '127.0.0.1', '支付系统收款通知', '<b>收款到账元！<br>订单号：<br>用户付款方式:<br>收款接口:<br>付款时间:<br>付款IP:</b>', ''),
(460, 1004, '2019-02-28 00:46:00', '127.0.0.1', '支付系统收款通知', '<b>收款到账元！<br>订单号：<br>用户付款方式:<br>收款接口:<br>付款时间:<br>付款IP:</b>', ''),
(461, 1004, '2019-02-28 00:46:11', '127.0.0.1', '支付系统收款通知', '<b>收款到账元！<br>订单号：<br>用户付款方式:<br>收款接口:<br>付款时间:<br>付款IP:</b>', ''),
(462, 1004, '2019-02-28 00:46:22', '127.0.0.1', '支付系统收款通知', '<b>收款到账元！<br>订单号：<br>用户付款方式:<br>收款接口:<br>付款时间:<br>付款IP:</b>', ''),
(463, 1004, '2019-02-28 00:46:33', '127.0.0.1', '支付系统收款通知', '<b>收款到账元！<br>订单号：<br>用户付款方式:<br>收款接口:<br>付款时间:<br>付款IP:</b>', ''),
(464, 1004, '2019-02-28 00:46:44', '127.0.0.1', '支付系统收款通知', '<b>收款到账元！<br>订单号：<br>用户付款方式:<br>收款接口:<br>付款时间:<br>付款IP:</b>', ''),
(465, 1004, '2019-02-28 00:46:55', '127.0.0.1', '支付系统收款通知', '<b>收款到账元！<br>订单号：<br>用户付款方式:<br>收款接口:<br>付款时间:<br>付款IP:</b>', ''),
(466, 1004, '2019-02-28 00:47:06', '127.0.0.1', '支付系统收款通知', '<b>收款到账元！<br>订单号：<br>用户付款方式:<br>收款接口:<br>付款时间:<br>付款IP:</b>', ''),
(467, 1004, '2019-02-28 00:47:17', '127.0.0.1', '支付系统收款通知', '<b>收款到账元！<br>订单号：<br>用户付款方式:<br>收款接口:<br>付款时间:<br>付款IP:</b>', ''),
(468, 1004, '2019-02-28 00:47:28', '127.0.0.1', '支付系统收款通知', '<b>收款到账元！<br>订单号：<br>用户付款方式:<br>收款接口:<br>付款时间:<br>付款IP:</b>', ''),
(469, 1004, '2019-02-28 00:47:39', '127.0.0.1', '支付系统收款通知', '<b>收款到账元！<br>订单号：<br>用户付款方式:<br>收款接口:<br>付款时间:<br>付款IP:</b>', ''),
(470, 1004, '2019-02-28 00:47:50', '127.0.0.1', '支付系统收款通知', '<b>收款到账元！<br>订单号：<br>用户付款方式:<br>收款接口:<br>付款时间:<br>付款IP:</b>', ''),
(471, 1004, '2019-02-28 00:48:01', '127.0.0.1', '支付系统收款通知', '<b>收款到账元！<br>订单号：<br>用户付款方式:<br>收款接口:<br>付款时间:<br>付款IP:</b>', ''),
(472, 1004, '2019-02-28 00:48:12', '127.0.0.1', '支付系统收款通知', '<b>收款到账元！<br>订单号：<br>用户付款方式:<br>收款接口:<br>付款时间:<br>付款IP:</b>', ''),
(473, 1004, '2019-02-28 00:48:23', '127.0.0.1', '支付系统收款通知', '<b>收款到账元！<br>订单号：<br>用户付款方式:<br>收款接口:<br>付款时间:<br>付款IP:</b>', ''),
(474, 1004, '2019-02-28 00:48:34', '127.0.0.1', '支付系统收款通知', '<b>收款到账元！<br>订单号：<br>用户付款方式:<br>收款接口:<br>付款时间:<br>付款IP:</b>', ''),
(475, 1004, '2019-02-28 00:48:45', '127.0.0.1', '支付系统收款通知', '<b>收款到账元！<br>订单号：<br>用户付款方式:<br>收款接口:<br>付款时间:<br>付款IP:</b>', ''),
(476, 1004, '2019-02-28 00:48:56', '127.0.0.1', '支付系统收款通知', '<b>收款到账元！<br>订单号：<br>用户付款方式:<br>收款接口:<br>付款时间:<br>付款IP:</b>', ''),
(477, 1004, '2019-02-28 00:49:07', '127.0.0.1', '支付系统收款通知', '<b>收款到账元！<br>订单号：<br>用户付款方式:<br>收款接口:<br>付款时间:<br>付款IP:</b>', ''),
(478, 1004, '2019-02-28 00:49:18', '127.0.0.1', '支付系统收款通知', '<b>收款到账元！<br>订单号：<br>用户付款方式:<br>收款接口:<br>付款时间:<br>付款IP:</b>', ''),
(479, 1004, '2019-02-28 00:49:29', '127.0.0.1', '支付系统收款通知', '<b>收款到账元！<br>订单号：<br>用户付款方式:<br>收款接口:<br>付款时间:<br>付款IP:</b>', ''),
(480, 1004, '2019-02-28 00:49:40', '127.0.0.1', '支付系统收款通知', '<b>收款到账元！<br>订单号：<br>用户付款方式:<br>收款接口:<br>付款时间:<br>付款IP:</b>', ''),
(481, 1004, '2019-02-28 00:49:51', '127.0.0.1', '支付系统收款通知', '<b>收款到账元！<br>订单号：<br>用户付款方式:<br>收款接口:<br>付款时间:<br>付款IP:</b>', ''),
(482, 1004, '2019-02-28 00:50:02', '127.0.0.1', '支付系统收款通知', '<b>收款到账元！<br>订单号：<br>用户付款方式:<br>收款接口:<br>付款时间:<br>付款IP:</b>', ''),
(483, 1004, '2019-02-28 00:50:13', '127.0.0.1', '支付系统收款通知', '<b>收款到账元！<br>订单号：<br>用户付款方式:<br>收款接口:<br>付款时间:<br>付款IP:</b>', ''),
(484, 1004, '2019-02-28 00:50:24', '127.0.0.1', '支付系统收款通知', '<b>收款到账元！<br>订单号：<br>用户付款方式:<br>收款接口:<br>付款时间:<br>付款IP:</b>', ''),
(485, 1004, '2019-02-28 00:50:35', '127.0.0.1', '支付系统收款通知', '<b>收款到账元！<br>订单号：<br>用户付款方式:<br>收款接口:<br>付款时间:<br>付款IP:</b>', ''),
(486, 1004, '2019-02-28 00:50:46', '127.0.0.1', '支付系统收款通知', '<b>收款到账元！<br>订单号：<br>用户付款方式:<br>收款接口:<br>付款时间:<br>付款IP:</b>', ''),
(487, 1004, '2019-02-28 00:50:57', '127.0.0.1', '支付系统收款通知', '<b>收款到账元！<br>订单号：<br>用户付款方式:<br>收款接口:<br>付款时间:<br>付款IP:</b>', ''),
(488, 1004, '2019-02-28 00:51:08', '127.0.0.1', '支付系统收款通知', '<b>收款到账元！<br>订单号：<br>用户付款方式:<br>收款接口:<br>付款时间:<br>付款IP:</b>', ''),
(489, 1004, '2019-02-28 00:51:19', '127.0.0.1', '支付系统收款通知', '<b>收款到账元！<br>订单号：<br>用户付款方式:<br>收款接口:<br>付款时间:<br>付款IP:</b>', ''),
(490, 1004, '2019-02-28 00:51:30', '127.0.0.1', '支付系统收款通知', '<b>收款到账元！<br>订单号：<br>用户付款方式:<br>收款接口:<br>付款时间:<br>付款IP:</b>', ''),
(491, 1004, '2019-02-28 00:51:41', '127.0.0.1', '支付系统收款通知', '<b>收款到账元！<br>订单号：<br>用户付款方式:<br>收款接口:<br>付款时间:<br>付款IP:</b>', ''),
(492, 1004, '2019-02-28 00:51:52', '127.0.0.1', '支付系统收款通知', '<b>收款到账元！<br>订单号：<br>用户付款方式:<br>收款接口:<br>付款时间:<br>付款IP:</b>', ''),
(493, 1004, '2019-02-28 00:52:03', '127.0.0.1', '支付系统收款通知', '<b>收款到账元！<br>订单号：<br>用户付款方式:<br>收款接口:<br>付款时间:<br>付款IP:</b>', ''),
(494, 1004, '2019-02-28 00:52:14', '127.0.0.1', '支付系统收款通知', '<b>收款到账元！<br>订单号：<br>用户付款方式:<br>收款接口:<br>付款时间:<br>付款IP:</b>', ''),
(495, 1004, '2019-02-28 00:52:25', '127.0.0.1', '支付系统收款通知', '<b>收款到账元！<br>订单号：<br>用户付款方式:<br>收款接口:<br>付款时间:<br>付款IP:</b>', ''),
(496, 1004, '2019-02-28 00:52:36', '127.0.0.1', '支付系统收款通知', '<b>收款到账元！<br>订单号：<br>用户付款方式:<br>收款接口:<br>付款时间:<br>付款IP:</b>', ''),
(497, 1004, '2019-02-28 00:52:47', '127.0.0.1', '支付系统收款通知', '<b>收款到账元！<br>订单号：<br>用户付款方式:<br>收款接口:<br>付款时间:<br>付款IP:</b>', ''),
(498, 1004, '2019-02-28 00:52:58', '127.0.0.1', '支付系统收款通知', '<b>收款到账元！<br>订单号：<br>用户付款方式:<br>收款接口:<br>付款时间:<br>付款IP:</b>', ''),
(499, 1004, '2019-02-28 00:53:09', '127.0.0.1', '支付系统收款通知', '<b>收款到账元！<br>订单号：<br>用户付款方式:<br>收款接口:<br>付款时间:<br>付款IP:</b>', ''),
(500, 1004, '2019-02-28 00:53:20', '127.0.0.1', '支付系统收款通知', '<b>收款到账元！<br>订单号：<br>用户付款方式:<br>收款接口:<br>付款时间:<br>付款IP:</b>', ''),
(501, 1004, '2019-02-28 00:53:31', '127.0.0.1', '支付系统收款通知', '<b>收款到账元！<br>订单号：<br>用户付款方式:<br>收款接口:<br>付款时间:<br>付款IP:</b>', ''),
(502, 1004, '2019-02-28 00:53:42', '127.0.0.1', '支付系统收款通知', '<b>收款到账元！<br>订单号：<br>用户付款方式:<br>收款接口:<br>付款时间:<br>付款IP:</b>', ''),
(503, 1004, '2019-02-28 00:53:53', '127.0.0.1', '支付系统收款通知', '<b>收款到账元！<br>订单号：<br>用户付款方式:<br>收款接口:<br>付款时间:<br>付款IP:</b>', ''),
(504, 1004, '2019-02-28 00:54:04', '127.0.0.1', '支付系统收款通知', '<b>收款到账元！<br>订单号：<br>用户付款方式:<br>收款接口:<br>付款时间:<br>付款IP:</b>', ''),
(505, 1004, '2019-02-28 00:54:15', '127.0.0.1', '支付系统收款通知', '<b>收款到账元！<br>订单号：<br>用户付款方式:<br>收款接口:<br>付款时间:<br>付款IP:</b>', ''),
(506, 1004, '2019-02-28 00:54:26', '127.0.0.1', '支付系统收款通知', '<b>收款到账元！<br>订单号：<br>用户付款方式:<br>收款接口:<br>付款时间:<br>付款IP:</b>', ''),
(507, 1004, '2019-02-28 00:54:37', '127.0.0.1', '支付系统收款通知', '<b>收款到账元！<br>订单号：<br>用户付款方式:<br>收款接口:<br>付款时间:<br>付款IP:</b>', ''),
(508, 1004, '2019-02-28 00:54:48', '127.0.0.1', '支付系统收款通知', '<b>收款到账元！<br>订单号：<br>用户付款方式:<br>收款接口:<br>付款时间:<br>付款IP:</b>', ''),
(509, 1004, '2019-02-28 00:54:59', '127.0.0.1', '支付系统收款通知', '<b>收款到账元！<br>订单号：<br>用户付款方式:<br>收款接口:<br>付款时间:<br>付款IP:</b>', ''),
(510, 1004, '2019-02-28 00:55:10', '127.0.0.1', '支付系统收款通知', '<b>收款到账元！<br>订单号：<br>用户付款方式:<br>收款接口:<br>付款时间:<br>付款IP:</b>', ''),
(511, 1004, '2019-02-28 00:55:21', '127.0.0.1', '支付系统收款通知', '<b>收款到账元！<br>订单号：<br>用户付款方式:<br>收款接口:<br>付款时间:<br>付款IP:</b>', ''),
(512, 1004, '2019-02-28 00:55:32', '127.0.0.1', '支付系统收款通知', '<b>收款到账元！<br>订单号：<br>用户付款方式:<br>收款接口:<br>付款时间:<br>付款IP:</b>', ''),
(513, 1004, '2019-02-28 00:55:43', '127.0.0.1', '支付系统收款通知', '<b>收款到账元！<br>订单号：<br>用户付款方式:<br>收款接口:<br>付款时间:<br>付款IP:</b>', ''),
(514, 1004, '2019-02-28 00:55:54', '127.0.0.1', '支付系统收款通知', '<b>收款到账元！<br>订单号：<br>用户付款方式:<br>收款接口:<br>付款时间:<br>付款IP:</b>', ''),
(515, 1004, '2019-02-28 00:56:05', '127.0.0.1', '支付系统收款通知', '<b>收款到账元！<br>订单号：<br>用户付款方式:<br>收款接口:<br>付款时间:<br>付款IP:</b>', ''),
(516, 1004, '2019-02-28 00:56:16', '127.0.0.1', '支付系统收款通知', '<b>收款到账元！<br>订单号：<br>用户付款方式:<br>收款接口:<br>付款时间:<br>付款IP:</b>', ''),
(517, 1004, '2019-02-28 00:56:27', '127.0.0.1', '支付系统收款通知', '<b>收款到账元！<br>订单号：<br>用户付款方式:<br>收款接口:<br>付款时间:<br>付款IP:</b>', ''),
(518, 1004, '2019-02-28 00:56:38', '127.0.0.1', '支付系统收款通知', '<b>收款到账元！<br>订单号：<br>用户付款方式:<br>收款接口:<br>付款时间:<br>付款IP:</b>', '');
INSERT INTO `smtp_log` (`id`, `admin_id`, `add_time`, `add_ip`, `add_title`, `add_text`, `add_who`) VALUES
(519, 1004, '2019-02-28 00:56:49', '127.0.0.1', '支付系统收款通知', '<b>收款到账元！<br>订单号：<br>用户付款方式:<br>收款接口:<br>付款时间:<br>付款IP:</b>', ''),
(520, 1004, '2019-02-28 00:57:00', '127.0.0.1', '支付系统收款通知', '<b>收款到账元！<br>订单号：<br>用户付款方式:<br>收款接口:<br>付款时间:<br>付款IP:</b>', ''),
(521, 1004, '2019-02-28 00:57:11', '127.0.0.1', '支付系统收款通知', '<b>收款到账元！<br>订单号：<br>用户付款方式:<br>收款接口:<br>付款时间:<br>付款IP:</b>', ''),
(522, 1004, '2019-02-28 00:57:22', '127.0.0.1', '支付系统收款通知', '<b>收款到账元！<br>订单号：<br>用户付款方式:<br>收款接口:<br>付款时间:<br>付款IP:</b>', ''),
(523, 1004, '2019-02-28 00:57:33', '127.0.0.1', '支付系统收款通知', '<b>收款到账元！<br>订单号：<br>用户付款方式:<br>收款接口:<br>付款时间:<br>付款IP:</b>', ''),
(524, 1004, '2019-02-28 00:57:44', '127.0.0.1', '支付系统收款通知', '<b>收款到账元！<br>订单号：<br>用户付款方式:<br>收款接口:<br>付款时间:<br>付款IP:</b>', ''),
(525, 1004, '2019-02-28 00:57:55', '127.0.0.1', '支付系统收款通知', '<b>收款到账元！<br>订单号：<br>用户付款方式:<br>收款接口:<br>付款时间:<br>付款IP:</b>', ''),
(526, 1004, '2019-02-28 00:58:06', '127.0.0.1', '支付系统收款通知', '<b>收款到账元！<br>订单号：<br>用户付款方式:<br>收款接口:<br>付款时间:<br>付款IP:</b>', ''),
(527, 1004, '2019-02-28 00:58:17', '127.0.0.1', '支付系统收款通知', '<b>收款到账元！<br>订单号：<br>用户付款方式:<br>收款接口:<br>付款时间:<br>付款IP:</b>', ''),
(528, 1004, '2019-02-28 00:58:28', '127.0.0.1', '支付系统收款通知', '<b>收款到账元！<br>订单号：<br>用户付款方式:<br>收款接口:<br>付款时间:<br>付款IP:</b>', ''),
(529, 1004, '2019-02-28 00:58:39', '127.0.0.1', '支付系统收款通知', '<b>收款到账元！<br>订单号：<br>用户付款方式:<br>收款接口:<br>付款时间:<br>付款IP:</b>', ''),
(530, 1004, '2019-02-28 00:58:50', '127.0.0.1', '支付系统收款通知', '<b>收款到账元！<br>订单号：<br>用户付款方式:<br>收款接口:<br>付款时间:<br>付款IP:</b>', ''),
(531, 1004, '2019-02-28 00:59:01', '127.0.0.1', '支付系统收款通知', '<b>收款到账元！<br>订单号：<br>用户付款方式:<br>收款接口:<br>付款时间:<br>付款IP:</b>', ''),
(532, 1004, '2019-02-28 00:59:12', '127.0.0.1', '支付系统收款通知', '<b>收款到账元！<br>订单号：<br>用户付款方式:<br>收款接口:<br>付款时间:<br>付款IP:</b>', ''),
(533, 1004, '2019-02-28 00:59:23', '127.0.0.1', '支付系统收款通知', '<b>收款到账元！<br>订单号：<br>用户付款方式:<br>收款接口:<br>付款时间:<br>付款IP:</b>', ''),
(534, 1004, '2019-02-28 00:59:34', '127.0.0.1', '支付系统收款通知', '<b>收款到账元！<br>订单号：<br>用户付款方式:<br>收款接口:<br>付款时间:<br>付款IP:</b>', ''),
(535, 1004, '2019-02-28 00:59:45', '127.0.0.1', '支付系统收款通知', '<b>收款到账元！<br>订单号：<br>用户付款方式:<br>收款接口:<br>付款时间:<br>付款IP:</b>', ''),
(536, 1004, '2019-02-28 00:59:56', '127.0.0.1', '支付系统收款通知', '<b>收款到账元！<br>订单号：<br>用户付款方式:<br>收款接口:<br>付款时间:<br>付款IP:</b>', ''),
(537, 1004, '2019-02-28 01:00:07', '127.0.0.1', '支付系统收款通知', '<b>收款到账元！<br>订单号：<br>用户付款方式:<br>收款接口:<br>付款时间:<br>付款IP:</b>', ''),
(538, 1004, '2019-02-28 01:00:18', '127.0.0.1', '支付系统收款通知', '<b>收款到账元！<br>订单号：<br>用户付款方式:<br>收款接口:<br>付款时间:<br>付款IP:</b>', ''),
(539, 1004, '2019-02-28 01:00:29', '127.0.0.1', '支付系统收款通知', '<b>收款到账元！<br>订单号：<br>用户付款方式:<br>收款接口:<br>付款时间:<br>付款IP:</b>', ''),
(540, 1004, '2019-02-28 01:00:40', '127.0.0.1', '支付系统收款通知', '<b>收款到账元！<br>订单号：<br>用户付款方式:<br>收款接口:<br>付款时间:<br>付款IP:</b>', ''),
(541, 1004, '2019-02-28 01:00:51', '127.0.0.1', '支付系统收款通知', '<b>收款到账元！<br>订单号：<br>用户付款方式:<br>收款接口:<br>付款时间:<br>付款IP:</b>', ''),
(542, 1004, '2019-02-28 01:01:02', '127.0.0.1', '支付系统收款通知', '<b>收款到账元！<br>订单号：<br>用户付款方式:<br>收款接口:<br>付款时间:<br>付款IP:</b>', ''),
(543, 1004, '2019-02-28 01:01:13', '127.0.0.1', '支付系统收款通知', '<b>收款到账元！<br>订单号：<br>用户付款方式:<br>收款接口:<br>付款时间:<br>付款IP:</b>', ''),
(544, 1004, '2019-02-28 01:01:24', '127.0.0.1', '支付系统收款通知', '<b>收款到账元！<br>订单号：<br>用户付款方式:<br>收款接口:<br>付款时间:<br>付款IP:</b>', ''),
(545, 1004, '2019-02-28 01:01:35', '127.0.0.1', '支付系统收款通知', '<b>收款到账元！<br>订单号：<br>用户付款方式:<br>收款接口:<br>付款时间:<br>付款IP:</b>', ''),
(546, 1004, '2019-02-28 01:01:46', '127.0.0.1', '支付系统收款通知', '<b>收款到账元！<br>订单号：<br>用户付款方式:<br>收款接口:<br>付款时间:<br>付款IP:</b>', ''),
(547, 1004, '2019-02-28 01:01:57', '127.0.0.1', '支付系统收款通知', '<b>收款到账元！<br>订单号：<br>用户付款方式:<br>收款接口:<br>付款时间:<br>付款IP:</b>', ''),
(548, 1004, '2019-02-28 01:02:08', '127.0.0.1', '支付系统收款通知', '<b>收款到账元！<br>订单号：<br>用户付款方式:<br>收款接口:<br>付款时间:<br>付款IP:</b>', ''),
(549, 1004, '2019-02-28 01:02:19', '127.0.0.1', '支付系统收款通知', '<b>收款到账元！<br>订单号：<br>用户付款方式:<br>收款接口:<br>付款时间:<br>付款IP:</b>', ''),
(550, 1004, '2019-02-28 01:02:30', '127.0.0.1', '支付系统收款通知', '<b>收款到账元！<br>订单号：<br>用户付款方式:<br>收款接口:<br>付款时间:<br>付款IP:</b>', ''),
(551, 1004, '2019-02-28 01:02:41', '127.0.0.1', '支付系统收款通知', '<b>收款到账元！<br>订单号：<br>用户付款方式:<br>收款接口:<br>付款时间:<br>付款IP:</b>', ''),
(552, 1004, '2019-02-28 01:02:52', '127.0.0.1', '支付系统收款通知', '<b>收款到账元！<br>订单号：<br>用户付款方式:<br>收款接口:<br>付款时间:<br>付款IP:</b>', ''),
(553, 1004, '2019-02-28 01:03:03', '127.0.0.1', '支付系统收款通知', '<b>收款到账元！<br>订单号：<br>用户付款方式:<br>收款接口:<br>付款时间:<br>付款IP:</b>', ''),
(554, 1004, '2019-02-28 01:03:14', '127.0.0.1', '支付系统收款通知', '<b>收款到账元！<br>订单号：<br>用户付款方式:<br>收款接口:<br>付款时间:<br>付款IP:</b>', ''),
(555, 1004, '2019-02-28 01:03:25', '127.0.0.1', '支付系统收款通知', '<b>收款到账元！<br>订单号：<br>用户付款方式:<br>收款接口:<br>付款时间:<br>付款IP:</b>', ''),
(556, 1004, '2019-02-28 01:03:36', '127.0.0.1', '支付系统收款通知', '<b>收款到账元！<br>订单号：<br>用户付款方式:<br>收款接口:<br>付款时间:<br>付款IP:</b>', ''),
(557, 1004, '2019-02-28 01:03:47', '127.0.0.1', '支付系统收款通知', '<b>收款到账元！<br>订单号：<br>用户付款方式:<br>收款接口:<br>付款时间:<br>付款IP:</b>', ''),
(558, 1004, '2019-02-28 01:03:58', '127.0.0.1', '支付系统收款通知', '<b>收款到账元！<br>订单号：<br>用户付款方式:<br>收款接口:<br>付款时间:<br>付款IP:</b>', ''),
(559, 1004, '2019-02-28 01:04:09', '127.0.0.1', '支付系统收款通知', '<b>收款到账元！<br>订单号：<br>用户付款方式:<br>收款接口:<br>付款时间:<br>付款IP:</b>', ''),
(560, 1004, '2019-02-28 01:04:20', '127.0.0.1', '支付系统收款通知', '<b>收款到账元！<br>订单号：<br>用户付款方式:<br>收款接口:<br>付款时间:<br>付款IP:</b>', ''),
(561, 1004, '2019-02-28 01:04:31', '127.0.0.1', '支付系统收款通知', '<b>收款到账元！<br>订单号：<br>用户付款方式:<br>收款接口:<br>付款时间:<br>付款IP:</b>', ''),
(562, 1004, '2019-02-28 01:04:42', '127.0.0.1', '支付系统收款通知', '<b>收款到账元！<br>订单号：<br>用户付款方式:<br>收款接口:<br>付款时间:<br>付款IP:</b>', ''),
(563, 1004, '2019-02-28 01:04:53', '127.0.0.1', '支付系统收款通知', '<b>收款到账元！<br>订单号：<br>用户付款方式:<br>收款接口:<br>付款时间:<br>付款IP:</b>', ''),
(564, 1004, '2019-02-28 01:05:04', '127.0.0.1', '支付系统收款通知', '<b>收款到账元！<br>订单号：<br>用户付款方式:<br>收款接口:<br>付款时间:<br>付款IP:</b>', ''),
(565, 1004, '2019-02-28 01:05:15', '127.0.0.1', '支付系统收款通知', '<b>收款到账元！<br>订单号：<br>用户付款方式:<br>收款接口:<br>付款时间:<br>付款IP:</b>', ''),
(566, 1004, '2019-02-28 01:05:26', '127.0.0.1', '支付系统收款通知', '<b>收款到账元！<br>订单号：<br>用户付款方式:<br>收款接口:<br>付款时间:<br>付款IP:</b>', ''),
(567, 1004, '2019-02-28 01:05:37', '127.0.0.1', '支付系统收款通知', '<b>收款到账元！<br>订单号：<br>用户付款方式:<br>收款接口:<br>付款时间:<br>付款IP:</b>', ''),
(568, 1004, '2019-02-28 01:05:48', '127.0.0.1', '支付系统收款通知', '<b>收款到账元！<br>订单号：<br>用户付款方式:<br>收款接口:<br>付款时间:<br>付款IP:</b>', ''),
(569, 1004, '2019-02-28 01:05:59', '127.0.0.1', '支付系统收款通知', '<b>收款到账元！<br>订单号：<br>用户付款方式:<br>收款接口:<br>付款时间:<br>付款IP:</b>', ''),
(570, 1004, '2019-02-28 01:06:10', '127.0.0.1', '支付系统收款通知', '<b>收款到账元！<br>订单号：<br>用户付款方式:<br>收款接口:<br>付款时间:<br>付款IP:</b>', ''),
(571, 1004, '2019-02-28 01:06:21', '127.0.0.1', '支付系统收款通知', '<b>收款到账元！<br>订单号：<br>用户付款方式:<br>收款接口:<br>付款时间:<br>付款IP:</b>', ''),
(572, 1004, '2019-02-28 01:06:32', '127.0.0.1', '支付系统收款通知', '<b>收款到账元！<br>订单号：<br>用户付款方式:<br>收款接口:<br>付款时间:<br>付款IP:</b>', ''),
(573, 1004, '2019-02-28 01:06:43', '127.0.0.1', '支付系统收款通知', '<b>收款到账元！<br>订单号：<br>用户付款方式:<br>收款接口:<br>付款时间:<br>付款IP:</b>', ''),
(574, 1004, '2019-02-28 01:06:54', '127.0.0.1', '支付系统收款通知', '<b>收款到账元！<br>订单号：<br>用户付款方式:<br>收款接口:<br>付款时间:<br>付款IP:</b>', ''),
(575, 1004, '2019-02-28 01:07:05', '127.0.0.1', '支付系统收款通知', '<b>收款到账元！<br>订单号：<br>用户付款方式:<br>收款接口:<br>付款时间:<br>付款IP:</b>', ''),
(576, 1004, '2019-02-28 01:07:16', '127.0.0.1', '支付系统收款通知', '<b>收款到账元！<br>订单号：<br>用户付款方式:<br>收款接口:<br>付款时间:<br>付款IP:</b>', ''),
(577, 1004, '2019-02-28 01:07:27', '127.0.0.1', '支付系统收款通知', '<b>收款到账元！<br>订单号：<br>用户付款方式:<br>收款接口:<br>付款时间:<br>付款IP:</b>', ''),
(578, 1004, '2019-02-28 01:07:38', '127.0.0.1', '支付系统收款通知', '<b>收款到账元！<br>订单号：<br>用户付款方式:<br>收款接口:<br>付款时间:<br>付款IP:</b>', ''),
(579, 1004, '2019-02-28 01:07:49', '127.0.0.1', '支付系统收款通知', '<b>收款到账元！<br>订单号：<br>用户付款方式:<br>收款接口:<br>付款时间:<br>付款IP:</b>', ''),
(580, 1004, '2019-02-28 01:08:00', '127.0.0.1', '支付系统收款通知', '<b>收款到账元！<br>订单号：<br>用户付款方式:<br>收款接口:<br>付款时间:<br>付款IP:</b>', ''),
(581, 1004, '2019-02-28 01:08:11', '127.0.0.1', '支付系统收款通知', '<b>收款到账元！<br>订单号：<br>用户付款方式:<br>收款接口:<br>付款时间:<br>付款IP:</b>', ''),
(582, 1004, '2019-02-28 01:08:22', '127.0.0.1', '支付系统收款通知', '<b>收款到账元！<br>订单号：<br>用户付款方式:<br>收款接口:<br>付款时间:<br>付款IP:</b>', ''),
(583, 1004, '2019-02-28 01:08:33', '127.0.0.1', '支付系统收款通知', '<b>收款到账元！<br>订单号：<br>用户付款方式:<br>收款接口:<br>付款时间:<br>付款IP:</b>', ''),
(584, 1004, '2019-02-28 01:08:44', '127.0.0.1', '支付系统收款通知', '<b>收款到账元！<br>订单号：<br>用户付款方式:<br>收款接口:<br>付款时间:<br>付款IP:</b>', ''),
(585, 1004, '2019-02-28 01:08:55', '127.0.0.1', '支付系统收款通知', '<b>收款到账元！<br>订单号：<br>用户付款方式:<br>收款接口:<br>付款时间:<br>付款IP:</b>', ''),
(586, 1004, '2019-02-28 01:09:06', '127.0.0.1', '支付系统收款通知', '<b>收款到账元！<br>订单号：<br>用户付款方式:<br>收款接口:<br>付款时间:<br>付款IP:</b>', ''),
(587, 1004, '2019-02-28 01:09:17', '127.0.0.1', '支付系统收款通知', '<b>收款到账元！<br>订单号：<br>用户付款方式:<br>收款接口:<br>付款时间:<br>付款IP:</b>', ''),
(588, 1004, '2019-02-28 01:09:28', '127.0.0.1', '支付系统收款通知', '<b>收款到账元！<br>订单号：<br>用户付款方式:<br>收款接口:<br>付款时间:<br>付款IP:</b>', ''),
(589, 1004, '2019-02-28 01:09:39', '127.0.0.1', '支付系统收款通知', '<b>收款到账元！<br>订单号：<br>用户付款方式:<br>收款接口:<br>付款时间:<br>付款IP:</b>', ''),
(590, 1004, '2019-02-28 01:09:50', '127.0.0.1', '支付系统收款通知', '<b>收款到账元！<br>订单号：<br>用户付款方式:<br>收款接口:<br>付款时间:<br>付款IP:</b>', ''),
(591, 1004, '2019-02-28 01:10:01', '127.0.0.1', '支付系统收款通知', '<b>收款到账元！<br>订单号：<br>用户付款方式:<br>收款接口:<br>付款时间:<br>付款IP:</b>', ''),
(592, 1004, '2019-02-28 01:10:12', '127.0.0.1', '支付系统收款通知', '<b>收款到账元！<br>订单号：<br>用户付款方式:<br>收款接口:<br>付款时间:<br>付款IP:</b>', ''),
(593, 1004, '2019-02-28 01:10:23', '127.0.0.1', '支付系统收款通知', '<b>收款到账元！<br>订单号：<br>用户付款方式:<br>收款接口:<br>付款时间:<br>付款IP:</b>', ''),
(594, 1004, '2019-02-28 01:10:34', '127.0.0.1', '支付系统收款通知', '<b>收款到账元！<br>订单号：<br>用户付款方式:<br>收款接口:<br>付款时间:<br>付款IP:</b>', ''),
(595, 1004, '2019-02-28 01:10:45', '127.0.0.1', '支付系统收款通知', '<b>收款到账元！<br>订单号：<br>用户付款方式:<br>收款接口:<br>付款时间:<br>付款IP:</b>', ''),
(596, 1004, '2019-02-28 01:10:56', '127.0.0.1', '支付系统收款通知', '<b>收款到账元！<br>订单号：<br>用户付款方式:<br>收款接口:<br>付款时间:<br>付款IP:</b>', ''),
(597, 1004, '2019-02-28 01:11:07', '127.0.0.1', '支付系统收款通知', '<b>收款到账元！<br>订单号：<br>用户付款方式:<br>收款接口:<br>付款时间:<br>付款IP:</b>', ''),
(598, 1004, '2019-02-28 01:11:18', '127.0.0.1', '支付系统收款通知', '<b>收款到账元！<br>订单号：<br>用户付款方式:<br>收款接口:<br>付款时间:<br>付款IP:</b>', ''),
(599, 1004, '2019-02-28 01:11:29', '127.0.0.1', '支付系统收款通知', '<b>收款到账元！<br>订单号：<br>用户付款方式:<br>收款接口:<br>付款时间:<br>付款IP:</b>', ''),
(600, 1004, '2019-02-28 01:11:40', '127.0.0.1', '支付系统收款通知', '<b>收款到账元！<br>订单号：<br>用户付款方式:<br>收款接口:<br>付款时间:<br>付款IP:</b>', ''),
(601, 1004, '2019-02-28 01:11:51', '127.0.0.1', '支付系统收款通知', '<b>收款到账元！<br>订单号：<br>用户付款方式:<br>收款接口:<br>付款时间:<br>付款IP:</b>', ''),
(602, 1004, '2019-02-28 01:12:02', '127.0.0.1', '支付系统收款通知', '<b>收款到账元！<br>订单号：<br>用户付款方式:<br>收款接口:<br>付款时间:<br>付款IP:</b>', ''),
(603, 1004, '2019-02-28 01:12:13', '127.0.0.1', '支付系统收款通知', '<b>收款到账元！<br>订单号：<br>用户付款方式:<br>收款接口:<br>付款时间:<br>付款IP:</b>', ''),
(604, 1004, '2019-02-28 01:12:24', '127.0.0.1', '支付系统收款通知', '<b>收款到账元！<br>订单号：<br>用户付款方式:<br>收款接口:<br>付款时间:<br>付款IP:</b>', ''),
(605, 1004, '2019-02-28 01:12:35', '127.0.0.1', '支付系统收款通知', '<b>收款到账元！<br>订单号：<br>用户付款方式:<br>收款接口:<br>付款时间:<br>付款IP:</b>', ''),
(606, 1004, '2019-02-28 01:12:46', '127.0.0.1', '支付系统收款通知', '<b>收款到账元！<br>订单号：<br>用户付款方式:<br>收款接口:<br>付款时间:<br>付款IP:</b>', ''),
(607, 1004, '2019-02-28 01:12:57', '127.0.0.1', '支付系统收款通知', '<b>收款到账元！<br>订单号：<br>用户付款方式:<br>收款接口:<br>付款时间:<br>付款IP:</b>', ''),
(608, 1004, '2019-02-28 01:13:08', '127.0.0.1', '支付系统收款通知', '<b>收款到账元！<br>订单号：<br>用户付款方式:<br>收款接口:<br>付款时间:<br>付款IP:</b>', ''),
(609, 1004, '2019-02-28 01:13:19', '127.0.0.1', '支付系统收款通知', '<b>收款到账元！<br>订单号：<br>用户付款方式:<br>收款接口:<br>付款时间:<br>付款IP:</b>', ''),
(610, 1004, '2019-02-28 01:13:30', '127.0.0.1', '支付系统收款通知', '<b>收款到账元！<br>订单号：<br>用户付款方式:<br>收款接口:<br>付款时间:<br>付款IP:</b>', ''),
(611, 1004, '2019-02-28 01:13:41', '127.0.0.1', '支付系统收款通知', '<b>收款到账元！<br>订单号：<br>用户付款方式:<br>收款接口:<br>付款时间:<br>付款IP:</b>', ''),
(612, 1004, '2019-02-28 01:13:52', '127.0.0.1', '支付系统收款通知', '<b>收款到账元！<br>订单号：<br>用户付款方式:<br>收款接口:<br>付款时间:<br>付款IP:</b>', ''),
(613, 1004, '2019-02-28 01:14:03', '127.0.0.1', '支付系统收款通知', '<b>收款到账元！<br>订单号：<br>用户付款方式:<br>收款接口:<br>付款时间:<br>付款IP:</b>', ''),
(614, 1004, '2019-02-28 01:14:14', '127.0.0.1', '支付系统收款通知', '<b>收款到账元！<br>订单号：<br>用户付款方式:<br>收款接口:<br>付款时间:<br>付款IP:</b>', ''),
(615, 1004, '2019-02-28 01:14:25', '127.0.0.1', '支付系统收款通知', '<b>收款到账元！<br>订单号：<br>用户付款方式:<br>收款接口:<br>付款时间:<br>付款IP:</b>', ''),
(616, 1004, '2019-02-28 01:14:36', '127.0.0.1', '支付系统收款通知', '<b>收款到账元！<br>订单号：<br>用户付款方式:<br>收款接口:<br>付款时间:<br>付款IP:</b>', ''),
(617, 1004, '2019-02-28 01:14:47', '127.0.0.1', '支付系统收款通知', '<b>收款到账元！<br>订单号：<br>用户付款方式:<br>收款接口:<br>付款时间:<br>付款IP:</b>', ''),
(618, 1004, '2019-02-28 01:14:58', '127.0.0.1', '支付系统收款通知', '<b>收款到账元！<br>订单号：<br>用户付款方式:<br>收款接口:<br>付款时间:<br>付款IP:</b>', ''),
(619, 1004, '2019-02-28 01:15:09', '127.0.0.1', '支付系统收款通知', '<b>收款到账元！<br>订单号：<br>用户付款方式:<br>收款接口:<br>付款时间:<br>付款IP:</b>', ''),
(620, 1004, '2019-02-28 01:15:20', '127.0.0.1', '支付系统收款通知', '<b>收款到账元！<br>订单号：<br>用户付款方式:<br>收款接口:<br>付款时间:<br>付款IP:</b>', ''),
(621, 1004, '2019-02-28 01:15:31', '127.0.0.1', '支付系统收款通知', '<b>收款到账元！<br>订单号：<br>用户付款方式:<br>收款接口:<br>付款时间:<br>付款IP:</b>', ''),
(622, 1004, '2019-02-28 01:15:42', '127.0.0.1', '支付系统收款通知', '<b>收款到账元！<br>订单号：<br>用户付款方式:<br>收款接口:<br>付款时间:<br>付款IP:</b>', ''),
(623, 1004, '2019-02-28 01:15:53', '127.0.0.1', '支付系统收款通知', '<b>收款到账元！<br>订单号：<br>用户付款方式:<br>收款接口:<br>付款时间:<br>付款IP:</b>', ''),
(624, 1004, '2019-02-28 01:16:04', '127.0.0.1', '支付系统收款通知', '<b>收款到账元！<br>订单号：<br>用户付款方式:<br>收款接口:<br>付款时间:<br>付款IP:</b>', ''),
(625, 1004, '2019-02-28 01:16:15', '127.0.0.1', '支付系统收款通知', '<b>收款到账元！<br>订单号：<br>用户付款方式:<br>收款接口:<br>付款时间:<br>付款IP:</b>', ''),
(626, 1004, '2019-02-28 01:16:26', '127.0.0.1', '支付系统收款通知', '<b>收款到账元！<br>订单号：<br>用户付款方式:<br>收款接口:<br>付款时间:<br>付款IP:</b>', ''),
(627, 1004, '2019-02-28 01:16:37', '127.0.0.1', '支付系统收款通知', '<b>收款到账元！<br>订单号：<br>用户付款方式:<br>收款接口:<br>付款时间:<br>付款IP:</b>', ''),
(628, 1004, '2019-02-28 01:16:48', '127.0.0.1', '支付系统收款通知', '<b>收款到账元！<br>订单号：<br>用户付款方式:<br>收款接口:<br>付款时间:<br>付款IP:</b>', ''),
(629, 1004, '2019-02-28 01:16:59', '127.0.0.1', '支付系统收款通知', '<b>收款到账元！<br>订单号：<br>用户付款方式:<br>收款接口:<br>付款时间:<br>付款IP:</b>', ''),
(630, 1004, '2019-02-28 01:17:10', '127.0.0.1', '支付系统收款通知', '<b>收款到账元！<br>订单号：<br>用户付款方式:<br>收款接口:<br>付款时间:<br>付款IP:</b>', ''),
(631, 1004, '2019-02-28 01:17:21', '127.0.0.1', '支付系统收款通知', '<b>收款到账元！<br>订单号：<br>用户付款方式:<br>收款接口:<br>付款时间:<br>付款IP:</b>', ''),
(632, 1004, '2019-02-28 01:17:32', '127.0.0.1', '支付系统收款通知', '<b>收款到账元！<br>订单号：<br>用户付款方式:<br>收款接口:<br>付款时间:<br>付款IP:</b>', ''),
(633, 1004, '2019-02-28 01:17:43', '127.0.0.1', '支付系统收款通知', '<b>收款到账元！<br>订单号：<br>用户付款方式:<br>收款接口:<br>付款时间:<br>付款IP:</b>', ''),
(634, 1004, '2019-02-28 01:17:54', '127.0.0.1', '支付系统收款通知', '<b>收款到账元！<br>订单号：<br>用户付款方式:<br>收款接口:<br>付款时间:<br>付款IP:</b>', ''),
(635, 1004, '2019-02-28 01:18:05', '127.0.0.1', '支付系统收款通知', '<b>收款到账元！<br>订单号：<br>用户付款方式:<br>收款接口:<br>付款时间:<br>付款IP:</b>', ''),
(636, 1004, '2019-02-28 01:18:16', '127.0.0.1', '支付系统收款通知', '<b>收款到账元！<br>订单号：<br>用户付款方式:<br>收款接口:<br>付款时间:<br>付款IP:</b>', ''),
(637, 1004, '2019-02-28 01:18:27', '127.0.0.1', '支付系统收款通知', '<b>收款到账元！<br>订单号：<br>用户付款方式:<br>收款接口:<br>付款时间:<br>付款IP:</b>', ''),
(638, 1004, '2019-02-28 01:18:38', '127.0.0.1', '支付系统收款通知', '<b>收款到账元！<br>订单号：<br>用户付款方式:<br>收款接口:<br>付款时间:<br>付款IP:</b>', ''),
(639, 1004, '2019-02-28 01:18:49', '127.0.0.1', '支付系统收款通知', '<b>收款到账元！<br>订单号：<br>用户付款方式:<br>收款接口:<br>付款时间:<br>付款IP:</b>', ''),
(640, 1004, '2019-02-28 01:19:00', '127.0.0.1', '支付系统收款通知', '<b>收款到账元！<br>订单号：<br>用户付款方式:<br>收款接口:<br>付款时间:<br>付款IP:</b>', ''),
(641, 1004, '2019-02-28 01:19:11', '127.0.0.1', '支付系统收款通知', '<b>收款到账元！<br>订单号：<br>用户付款方式:<br>收款接口:<br>付款时间:<br>付款IP:</b>', ''),
(642, 1004, '2019-02-28 01:19:22', '127.0.0.1', '支付系统收款通知', '<b>收款到账元！<br>订单号：<br>用户付款方式:<br>收款接口:<br>付款时间:<br>付款IP:</b>', ''),
(643, 1004, '2019-02-28 01:19:33', '127.0.0.1', '支付系统收款通知', '<b>收款到账元！<br>订单号：<br>用户付款方式:<br>收款接口:<br>付款时间:<br>付款IP:</b>', ''),
(644, 1004, '2019-02-28 01:19:44', '127.0.0.1', '支付系统收款通知', '<b>收款到账元！<br>订单号：<br>用户付款方式:<br>收款接口:<br>付款时间:<br>付款IP:</b>', ''),
(645, 1004, '2019-02-28 01:19:55', '127.0.0.1', '支付系统收款通知', '<b>收款到账元！<br>订单号：<br>用户付款方式:<br>收款接口:<br>付款时间:<br>付款IP:</b>', ''),
(646, 1004, '2019-02-28 01:20:06', '127.0.0.1', '支付系统收款通知', '<b>收款到账元！<br>订单号：<br>用户付款方式:<br>收款接口:<br>付款时间:<br>付款IP:</b>', ''),
(647, 1004, '2019-02-28 01:20:17', '127.0.0.1', '支付系统收款通知', '<b>收款到账元！<br>订单号：<br>用户付款方式:<br>收款接口:<br>付款时间:<br>付款IP:</b>', ''),
(648, 1004, '2019-02-28 01:20:28', '127.0.0.1', '支付系统收款通知', '<b>收款到账元！<br>订单号：<br>用户付款方式:<br>收款接口:<br>付款时间:<br>付款IP:</b>', ''),
(649, 1004, '2019-02-28 01:20:39', '127.0.0.1', '支付系统收款通知', '<b>收款到账元！<br>订单号：<br>用户付款方式:<br>收款接口:<br>付款时间:<br>付款IP:</b>', ''),
(650, 1004, '2019-02-28 01:20:50', '127.0.0.1', '支付系统收款通知', '<b>收款到账元！<br>订单号：<br>用户付款方式:<br>收款接口:<br>付款时间:<br>付款IP:</b>', ''),
(651, 1004, '2019-02-28 01:21:01', '127.0.0.1', '支付系统收款通知', '<b>收款到账元！<br>订单号：<br>用户付款方式:<br>收款接口:<br>付款时间:<br>付款IP:</b>', ''),
(652, 1004, '2019-02-28 01:21:12', '127.0.0.1', '支付系统收款通知', '<b>收款到账元！<br>订单号：<br>用户付款方式:<br>收款接口:<br>付款时间:<br>付款IP:</b>', ''),
(653, 1004, '2019-02-28 01:21:23', '127.0.0.1', '支付系统收款通知', '<b>收款到账元！<br>订单号：<br>用户付款方式:<br>收款接口:<br>付款时间:<br>付款IP:</b>', ''),
(654, 1004, '2019-02-28 01:21:34', '127.0.0.1', '支付系统收款通知', '<b>收款到账元！<br>订单号：<br>用户付款方式:<br>收款接口:<br>付款时间:<br>付款IP:</b>', ''),
(655, 1004, '2019-02-28 01:21:45', '127.0.0.1', '支付系统收款通知', '<b>收款到账元！<br>订单号：<br>用户付款方式:<br>收款接口:<br>付款时间:<br>付款IP:</b>', ''),
(656, 1004, '2019-02-28 01:21:56', '127.0.0.1', '支付系统收款通知', '<b>收款到账元！<br>订单号：<br>用户付款方式:<br>收款接口:<br>付款时间:<br>付款IP:</b>', ''),
(657, 1004, '2019-02-28 01:22:07', '127.0.0.1', '支付系统收款通知', '<b>收款到账元！<br>订单号：<br>用户付款方式:<br>收款接口:<br>付款时间:<br>付款IP:</b>', ''),
(658, 1004, '2019-02-28 01:22:18', '127.0.0.1', '支付系统收款通知', '<b>收款到账元！<br>订单号：<br>用户付款方式:<br>收款接口:<br>付款时间:<br>付款IP:</b>', ''),
(659, 1004, '2019-02-28 01:22:29', '127.0.0.1', '支付系统收款通知', '<b>收款到账元！<br>订单号：<br>用户付款方式:<br>收款接口:<br>付款时间:<br>付款IP:</b>', ''),
(660, 1004, '2019-02-28 01:22:40', '127.0.0.1', '支付系统收款通知', '<b>收款到账元！<br>订单号：<br>用户付款方式:<br>收款接口:<br>付款时间:<br>付款IP:</b>', ''),
(661, 1004, '2019-02-28 01:22:51', '127.0.0.1', '支付系统收款通知', '<b>收款到账元！<br>订单号：<br>用户付款方式:<br>收款接口:<br>付款时间:<br>付款IP:</b>', ''),
(662, 1004, '2019-02-28 01:23:02', '127.0.0.1', '支付系统收款通知', '<b>收款到账元！<br>订单号：<br>用户付款方式:<br>收款接口:<br>付款时间:<br>付款IP:</b>', ''),
(663, 1004, '2019-02-28 01:23:13', '127.0.0.1', '支付系统收款通知', '<b>收款到账元！<br>订单号：<br>用户付款方式:<br>收款接口:<br>付款时间:<br>付款IP:</b>', ''),
(664, 1004, '2019-02-28 01:23:24', '127.0.0.1', '支付系统收款通知', '<b>收款到账元！<br>订单号：<br>用户付款方式:<br>收款接口:<br>付款时间:<br>付款IP:</b>', ''),
(665, 1004, '2019-02-28 01:23:35', '127.0.0.1', '支付系统收款通知', '<b>收款到账元！<br>订单号：<br>用户付款方式:<br>收款接口:<br>付款时间:<br>付款IP:</b>', ''),
(666, 1004, '2019-02-28 01:23:46', '127.0.0.1', '支付系统收款通知', '<b>收款到账元！<br>订单号：<br>用户付款方式:<br>收款接口:<br>付款时间:<br>付款IP:</b>', ''),
(667, 1004, '2019-02-28 01:23:57', '127.0.0.1', '支付系统收款通知', '<b>收款到账元！<br>订单号：<br>用户付款方式:<br>收款接口:<br>付款时间:<br>付款IP:</b>', ''),
(668, 1004, '2019-02-28 01:24:08', '127.0.0.1', '支付系统收款通知', '<b>收款到账元！<br>订单号：<br>用户付款方式:<br>收款接口:<br>付款时间:<br>付款IP:</b>', ''),
(669, 1004, '2019-02-28 01:24:19', '127.0.0.1', '支付系统收款通知', '<b>收款到账元！<br>订单号：<br>用户付款方式:<br>收款接口:<br>付款时间:<br>付款IP:</b>', ''),
(670, 1004, '2019-02-28 01:24:30', '127.0.0.1', '支付系统收款通知', '<b>收款到账元！<br>订单号：<br>用户付款方式:<br>收款接口:<br>付款时间:<br>付款IP:</b>', ''),
(671, 1004, '2019-02-28 01:24:41', '127.0.0.1', '支付系统收款通知', '<b>收款到账元！<br>订单号：<br>用户付款方式:<br>收款接口:<br>付款时间:<br>付款IP:</b>', ''),
(672, 1004, '2019-02-28 01:24:52', '127.0.0.1', '支付系统收款通知', '<b>收款到账元！<br>订单号：<br>用户付款方式:<br>收款接口:<br>付款时间:<br>付款IP:</b>', ''),
(673, 1004, '2019-02-28 01:25:03', '127.0.0.1', '支付系统收款通知', '<b>收款到账元！<br>订单号：<br>用户付款方式:<br>收款接口:<br>付款时间:<br>付款IP:</b>', ''),
(674, 1004, '2019-02-28 01:25:14', '127.0.0.1', '支付系统收款通知', '<b>收款到账元！<br>订单号：<br>用户付款方式:<br>收款接口:<br>付款时间:<br>付款IP:</b>', ''),
(675, 1004, '2019-02-28 01:25:25', '127.0.0.1', '支付系统收款通知', '<b>收款到账元！<br>订单号：<br>用户付款方式:<br>收款接口:<br>付款时间:<br>付款IP:</b>', ''),
(676, 1004, '2019-02-28 01:25:36', '127.0.0.1', '支付系统收款通知', '<b>收款到账元！<br>订单号：<br>用户付款方式:<br>收款接口:<br>付款时间:<br>付款IP:</b>', ''),
(677, 1004, '2019-02-28 01:25:47', '127.0.0.1', '支付系统收款通知', '<b>收款到账元！<br>订单号：<br>用户付款方式:<br>收款接口:<br>付款时间:<br>付款IP:</b>', ''),
(678, 1004, '2019-02-28 10:28:14', '127.0.0.1', '支付系统收款通知', '<b>收款到账元！<br>订单号：<br>用户付款方式:<br>收款接口:<br>付款时间:<br>付款IP:</b>', ''),
(679, 1004, '2019-02-28 10:28:24', '127.0.0.1', '支付系统收款通知', '<b>收款到账元！<br>订单号：<br>用户付款方式:<br>收款接口:<br>付款时间:<br>付款IP:</b>', ''),
(680, 1004, '2019-02-28 10:28:34', '127.0.0.1', '支付系统收款通知', '<b>收款到账元！<br>订单号：<br>用户付款方式:<br>收款接口:<br>付款时间:<br>付款IP:</b>', ''),
(681, 1004, '2019-02-28 10:28:45', '127.0.0.1', '支付系统收款通知', '<b>收款到账元！<br>订单号：<br>用户付款方式:<br>收款接口:<br>付款时间:<br>付款IP:</b>', ''),
(682, 1004, '2019-02-28 10:28:55', '127.0.0.1', '支付系统收款通知', '<b>收款到账元！<br>订单号：<br>用户付款方式:<br>收款接口:<br>付款时间:<br>付款IP:</b>', ''),
(683, 1004, '2019-02-28 10:29:05', '127.0.0.1', '支付系统收款通知', '<b>收款到账元！<br>订单号：<br>用户付款方式:<br>收款接口:<br>付款时间:<br>付款IP:</b>', ''),
(684, 1004, '2019-02-28 10:29:15', '127.0.0.1', '支付系统收款通知', '<b>收款到账元！<br>订单号：<br>用户付款方式:<br>收款接口:<br>付款时间:<br>付款IP:</b>', ''),
(685, 1004, '2019-02-28 10:29:25', '127.0.0.1', '支付系统收款通知', '<b>收款到账元！<br>订单号：<br>用户付款方式:<br>收款接口:<br>付款时间:<br>付款IP:</b>', ''),
(686, 1004, '2019-02-28 10:29:35', '127.0.0.1', '支付系统收款通知', '<b>收款到账元！<br>订单号：<br>用户付款方式:<br>收款接口:<br>付款时间:<br>付款IP:</b>', ''),
(687, 1004, '2019-02-28 10:29:45', '127.0.0.1', '支付系统收款通知', '<b>收款到账元！<br>订单号：<br>用户付款方式:<br>收款接口:<br>付款时间:<br>付款IP:</b>', ''),
(688, 1004, '2019-02-28 10:29:55', '127.0.0.1', '支付系统收款通知', '<b>收款到账元！<br>订单号：<br>用户付款方式:<br>收款接口:<br>付款时间:<br>付款IP:</b>', ''),
(689, 1004, '2019-02-28 10:30:06', '127.0.0.1', '支付系统收款通知', '<b>收款到账元！<br>订单号：<br>用户付款方式:<br>收款接口:<br>付款时间:<br>付款IP:</b>', ''),
(690, 1004, '2019-02-28 10:30:16', '127.0.0.1', '支付系统收款通知', '<b>收款到账元！<br>订单号：<br>用户付款方式:<br>收款接口:<br>付款时间:<br>付款IP:</b>', ''),
(691, 1004, '2019-02-28 10:30:26', '127.0.0.1', '支付系统收款通知', '<b>收款到账元！<br>订单号：<br>用户付款方式:<br>收款接口:<br>付款时间:<br>付款IP:</b>', ''),
(692, 1004, '2019-02-28 10:30:36', '127.0.0.1', '支付系统收款通知', '<b>收款到账元！<br>订单号：<br>用户付款方式:<br>收款接口:<br>付款时间:<br>付款IP:</b>', ''),
(693, 1004, '2019-02-28 10:30:47', '127.0.0.1', '支付系统收款通知', '<b>收款到账元！<br>订单号：<br>用户付款方式:<br>收款接口:<br>付款时间:<br>付款IP:</b>', ''),
(694, 1004, '2019-02-28 10:30:57', '127.0.0.1', '支付系统收款通知', '<b>收款到账元！<br>订单号：<br>用户付款方式:<br>收款接口:<br>付款时间:<br>付款IP:</b>', ''),
(695, 1004, '2019-02-28 10:31:07', '127.0.0.1', '支付系统收款通知', '<b>收款到账元！<br>订单号：<br>用户付款方式:<br>收款接口:<br>付款时间:<br>付款IP:</b>', ''),
(696, 1004, '2019-02-28 10:31:17', '127.0.0.1', '支付系统收款通知', '<b>收款到账元！<br>订单号：<br>用户付款方式:<br>收款接口:<br>付款时间:<br>付款IP:</b>', ''),
(697, 1004, '2019-02-28 10:31:27', '127.0.0.1', '支付系统收款通知', '<b>收款到账元！<br>订单号：<br>用户付款方式:<br>收款接口:<br>付款时间:<br>付款IP:</b>', ''),
(698, 1004, '2019-02-28 10:31:37', '127.0.0.1', '支付系统收款通知', '<b>收款到账元！<br>订单号：<br>用户付款方式:<br>收款接口:<br>付款时间:<br>付款IP:</b>', ''),
(699, 1004, '2019-02-28 10:31:47', '127.0.0.1', '支付系统收款通知', '<b>收款到账元！<br>订单号：<br>用户付款方式:<br>收款接口:<br>付款时间:<br>付款IP:</b>', ''),
(700, 1004, '2019-02-28 10:31:57', '127.0.0.1', '支付系统收款通知', '<b>收款到账元！<br>订单号：<br>用户付款方式:<br>收款接口:<br>付款时间:<br>付款IP:</b>', ''),
(701, 1004, '2019-02-28 10:32:07', '127.0.0.1', '支付系统收款通知', '<b>收款到账元！<br>订单号：<br>用户付款方式:<br>收款接口:<br>付款时间:<br>付款IP:</b>', ''),
(702, 1004, '2019-02-28 10:32:17', '127.0.0.1', '支付系统收款通知', '<b>收款到账元！<br>订单号：<br>用户付款方式:<br>收款接口:<br>付款时间:<br>付款IP:</b>', ''),
(703, 1004, '2019-02-28 10:32:27', '127.0.0.1', '支付系统收款通知', '<b>收款到账元！<br>订单号：<br>用户付款方式:<br>收款接口:<br>付款时间:<br>付款IP:</b>', ''),
(704, 1004, '2019-02-28 10:32:37', '127.0.0.1', '支付系统收款通知', '<b>收款到账元！<br>订单号：<br>用户付款方式:<br>收款接口:<br>付款时间:<br>付款IP:</b>', ''),
(705, 1004, '2019-02-28 10:32:47', '127.0.0.1', '支付系统收款通知', '<b>收款到账元！<br>订单号：<br>用户付款方式:<br>收款接口:<br>付款时间:<br>付款IP:</b>', ''),
(706, 1004, '2019-02-28 10:32:57', '127.0.0.1', '支付系统收款通知', '<b>收款到账元！<br>订单号：<br>用户付款方式:<br>收款接口:<br>付款时间:<br>付款IP:</b>', ''),
(707, 1004, '2019-02-28 10:33:07', '127.0.0.1', '支付系统收款通知', '<b>收款到账元！<br>订单号：<br>用户付款方式:<br>收款接口:<br>付款时间:<br>付款IP:</b>', ''),
(708, 1004, '2019-02-28 10:33:17', '127.0.0.1', '支付系统收款通知', '<b>收款到账元！<br>订单号：<br>用户付款方式:<br>收款接口:<br>付款时间:<br>付款IP:</b>', ''),
(709, 1004, '2019-02-28 10:33:27', '127.0.0.1', '支付系统收款通知', '<b>收款到账元！<br>订单号：<br>用户付款方式:<br>收款接口:<br>付款时间:<br>付款IP:</b>', ''),
(710, 1004, '2019-02-28 10:33:37', '127.0.0.1', '支付系统收款通知', '<b>收款到账元！<br>订单号：<br>用户付款方式:<br>收款接口:<br>付款时间:<br>付款IP:</b>', ''),
(711, 1004, '2019-02-28 10:33:47', '127.0.0.1', '支付系统收款通知', '<b>收款到账元！<br>订单号：<br>用户付款方式:<br>收款接口:<br>付款时间:<br>付款IP:</b>', ''),
(712, 1004, '2019-02-28 10:33:58', '127.0.0.1', '支付系统收款通知', '<b>收款到账元！<br>订单号：<br>用户付款方式:<br>收款接口:<br>付款时间:<br>付款IP:</b>', ''),
(713, 1004, '2019-02-28 10:34:08', '127.0.0.1', '支付系统收款通知', '<b>收款到账元！<br>订单号：<br>用户付款方式:<br>收款接口:<br>付款时间:<br>付款IP:</b>', ''),
(714, 1004, '2019-02-28 10:34:18', '127.0.0.1', '支付系统收款通知', '<b>收款到账元！<br>订单号：<br>用户付款方式:<br>收款接口:<br>付款时间:<br>付款IP:</b>', ''),
(715, 1004, '2019-02-28 10:34:28', '127.0.0.1', '支付系统收款通知', '<b>收款到账元！<br>订单号：<br>用户付款方式:<br>收款接口:<br>付款时间:<br>付款IP:</b>', ''),
(716, 1004, '2019-02-28 10:34:38', '127.0.0.1', '支付系统收款通知', '<b>收款到账元！<br>订单号：<br>用户付款方式:<br>收款接口:<br>付款时间:<br>付款IP:</b>', ''),
(717, 1004, '2019-02-28 10:34:48', '127.0.0.1', '支付系统收款通知', '<b>收款到账元！<br>订单号：<br>用户付款方式:<br>收款接口:<br>付款时间:<br>付款IP:</b>', ''),
(718, 1004, '2019-02-28 10:34:54', '127.0.0.1', '支付系统收款通知', '<b>收款到账元！<br>订单号：<br>用户付款方式:<br>收款接口:<br>付款时间:<br>付款IP:</b>', ''),
(719, 1004, '2019-02-28 10:35:04', '127.0.0.1', '支付系统收款通知', '<b>收款到账元！<br>订单号：<br>用户付款方式:<br>收款接口:<br>付款时间:<br>付款IP:</b>', ''),
(720, 1004, '2019-02-28 10:35:14', '127.0.0.1', '支付系统收款通知', '<b>收款到账元！<br>订单号：<br>用户付款方式:<br>收款接口:<br>付款时间:<br>付款IP:</b>', ''),
(721, 1004, '2019-02-28 10:35:21', '127.0.0.1', '支付系统收款通知', '<b>收款到账元！<br>订单号：<br>用户付款方式:<br>收款接口:<br>付款时间:<br>付款IP:</b>', ''),
(722, 1004, '2019-02-28 10:35:32', '127.0.0.1', '支付系统收款通知', '<b>收款到账元！<br>订单号：<br>用户付款方式:<br>收款接口:<br>付款时间:<br>付款IP:</b>', ''),
(723, 1004, '2019-02-28 10:35:43', '127.0.0.1', '支付系统收款通知', '<b>收款到账元！<br>订单号：<br>用户付款方式:<br>收款接口:<br>付款时间:<br>付款IP:</b>', ''),
(724, 1004, '2019-02-28 10:35:54', '127.0.0.1', '支付系统收款通知', '<b>收款到账元！<br>订单号：<br>用户付款方式:<br>收款接口:<br>付款时间:<br>付款IP:</b>', ''),
(725, 1004, '2019-02-28 10:36:05', '127.0.0.1', '支付系统收款通知', '<b>收款到账元！<br>订单号：<br>用户付款方式:<br>收款接口:<br>付款时间:<br>付款IP:</b>', ''),
(726, 1004, '2019-02-28 10:36:16', '127.0.0.1', '支付系统收款通知', '<b>收款到账元！<br>订单号：<br>用户付款方式:<br>收款接口:<br>付款时间:<br>付款IP:</b>', ''),
(727, 1004, '2019-02-28 10:36:27', '127.0.0.1', '支付系统收款通知', '<b>收款到账元！<br>订单号：<br>用户付款方式:<br>收款接口:<br>付款时间:<br>付款IP:</b>', ''),
(728, 1004, '2019-02-28 10:36:38', '127.0.0.1', '支付系统收款通知', '<b>收款到账元！<br>订单号：<br>用户付款方式:<br>收款接口:<br>付款时间:<br>付款IP:</b>', ''),
(729, 1004, '2019-02-28 10:36:49', '127.0.0.1', '支付系统收款通知', '<b>收款到账元！<br>订单号：<br>用户付款方式:<br>收款接口:<br>付款时间:<br>付款IP:</b>', ''),
(730, 1004, '2019-02-28 10:37:00', '127.0.0.1', '支付系统收款通知', '<b>收款到账元！<br>订单号：<br>用户付款方式:<br>收款接口:<br>付款时间:<br>付款IP:</b>', ''),
(731, 1004, '2019-02-28 10:37:03', '127.0.0.1', '支付系统收款通知', '<b>收款到账元！<br>订单号：<br>用户付款方式:<br>收款接口:<br>付款时间:<br>付款IP:</b>', ''),
(732, 1004, '2019-02-28 10:37:07', '127.0.0.1', '支付系统收款通知', '<b>收款到账元！<br>订单号：<br>用户付款方式:<br>收款接口:<br>付款时间:<br>付款IP:</b>', ''),
(733, 1004, '2019-02-28 10:37:17', '127.0.0.1', '支付系统收款通知', '<b>收款到账元！<br>订单号：<br>用户付款方式:<br>收款接口:<br>付款时间:<br>付款IP:</b>', ''),
(734, 1004, '2019-02-28 10:37:27', '127.0.0.1', '支付系统收款通知', '<b>收款到账元！<br>订单号：<br>用户付款方式:<br>收款接口:<br>付款时间:<br>付款IP:</b>', ''),
(735, 1004, '2019-02-28 10:37:37', '127.0.0.1', '支付系统收款通知', '<b>收款到账元！<br>订单号：<br>用户付款方式:<br>收款接口:<br>付款时间:<br>付款IP:</b>', ''),
(736, 1004, '2019-02-28 10:37:39', '127.0.0.1', '支付系统收款通知', '<b>收款到账元！<br>订单号：<br>用户付款方式:<br>收款接口:<br>付款时间:<br>付款IP:</b>', ''),
(737, 1004, '2019-02-28 10:37:49', '127.0.0.1', '支付系统收款通知', '<b>收款到账元！<br>订单号：<br>用户付款方式:<br>收款接口:<br>付款时间:<br>付款IP:</b>', ''),
(738, 1004, '2019-02-28 10:37:53', '127.0.0.1', '支付系统收款通知', '<b>收款到账元！<br>订单号：<br>用户付款方式:<br>收款接口:<br>付款时间:<br>付款IP:</b>', ''),
(739, 1004, '2019-02-28 10:38:04', '127.0.0.1', '支付系统收款通知', '<b>收款到账元！<br>订单号：<br>用户付款方式:<br>收款接口:<br>付款时间:<br>付款IP:</b>', ''),
(740, 1004, '2019-02-28 10:38:15', '127.0.0.1', '支付系统收款通知', '<b>收款到账元！<br>订单号：<br>用户付款方式:<br>收款接口:<br>付款时间:<br>付款IP:</b>', ''),
(741, 1004, '2019-02-28 10:38:26', '127.0.0.1', '支付系统收款通知', '<b>收款到账元！<br>订单号：<br>用户付款方式:<br>收款接口:<br>付款时间:<br>付款IP:</b>', ''),
(742, 1004, '2019-02-28 10:38:37', '127.0.0.1', '支付系统收款通知', '<b>收款到账元！<br>订单号：<br>用户付款方式:<br>收款接口:<br>付款时间:<br>付款IP:</b>', ''),
(743, 1004, '2019-02-28 10:38:48', '127.0.0.1', '支付系统收款通知', '<b>收款到账元！<br>订单号：<br>用户付款方式:<br>收款接口:<br>付款时间:<br>付款IP:</b>', ''),
(744, 1004, '2019-02-28 10:38:59', '127.0.0.1', '支付系统收款通知', '<b>收款到账元！<br>订单号：<br>用户付款方式:<br>收款接口:<br>付款时间:<br>付款IP:</b>', ''),
(745, 1004, '2019-02-28 10:39:10', '127.0.0.1', '支付系统收款通知', '<b>收款到账元！<br>订单号：<br>用户付款方式:<br>收款接口:<br>付款时间:<br>付款IP:</b>', ''),
(746, 1004, '2019-02-28 10:39:21', '127.0.0.1', '支付系统收款通知', '<b>收款到账元！<br>订单号：<br>用户付款方式:<br>收款接口:<br>付款时间:<br>付款IP:</b>', ''),
(747, 1004, '2019-02-28 10:39:32', '127.0.0.1', '支付系统收款通知', '<b>收款到账元！<br>订单号：<br>用户付款方式:<br>收款接口:<br>付款时间:<br>付款IP:</b>', ''),
(748, 1004, '2019-02-28 10:39:43', '127.0.0.1', '支付系统收款通知', '<b>收款到账元！<br>订单号：<br>用户付款方式:<br>收款接口:<br>付款时间:<br>付款IP:</b>', ''),
(749, 1004, '2019-02-28 10:39:54', '127.0.0.1', '支付系统收款通知', '<b>收款到账元！<br>订单号：<br>用户付款方式:<br>收款接口:<br>付款时间:<br>付款IP:</b>', ''),
(750, 1004, '2019-02-28 10:40:05', '127.0.0.1', '支付系统收款通知', '<b>收款到账元！<br>订单号：<br>用户付款方式:<br>收款接口:<br>付款时间:<br>付款IP:</b>', ''),
(751, 1004, '2019-02-28 10:40:16', '127.0.0.1', '支付系统收款通知', '<b>收款到账元！<br>订单号：<br>用户付款方式:<br>收款接口:<br>付款时间:<br>付款IP:</b>', ''),
(752, 1004, '2019-02-28 10:40:27', '127.0.0.1', '支付系统收款通知', '<b>收款到账元！<br>订单号：<br>用户付款方式:<br>收款接口:<br>付款时间:<br>付款IP:</b>', ''),
(753, 1004, '2019-02-28 10:40:38', '127.0.0.1', '支付系统收款通知', '<b>收款到账元！<br>订单号：<br>用户付款方式:<br>收款接口:<br>付款时间:<br>付款IP:</b>', ''),
(754, 1004, '2019-02-28 10:40:49', '127.0.0.1', '支付系统收款通知', '<b>收款到账元！<br>订单号：<br>用户付款方式:<br>收款接口:<br>付款时间:<br>付款IP:</b>', ''),
(755, 1004, '2019-02-28 10:41:00', '127.0.0.1', '支付系统收款通知', '<b>收款到账元！<br>订单号：<br>用户付款方式:<br>收款接口:<br>付款时间:<br>付款IP:</b>', ''),
(756, 1004, '2019-02-28 10:41:09', '127.0.0.1', '支付系统收款通知', '<b>收款到账元！<br>订单号：<br>用户付款方式:<br>收款接口:<br>付款时间:<br>付款IP:</b>', ''),
(757, 1004, '2019-02-28 10:41:11', '127.0.0.1', '支付系统收款通知', '<b>收款到账元！<br>订单号：<br>用户付款方式:<br>收款接口:<br>付款时间:<br>付款IP:</b>', ''),
(758, 1004, '2019-02-28 10:41:14', '127.0.0.1', '支付系统收款通知', '<b>收款到账元！<br>订单号：<br>用户付款方式:<br>收款接口:<br>付款时间:<br>付款IP:</b>', ''),
(759, 1004, '2019-02-28 10:41:16', '127.0.0.1', '支付系统收款通知', '<b>收款到账元！<br>订单号：<br>用户付款方式:<br>收款接口:<br>付款时间:<br>付款IP:</b>', ''),
(760, 1004, '2019-02-28 10:41:19', '127.0.0.1', '支付系统收款通知', '<b>收款到账元！<br>订单号：<br>用户付款方式:<br>收款接口:<br>付款时间:<br>付款IP:</b>', ''),
(761, 1004, '2019-02-28 10:41:20', '127.0.0.1', '支付系统收款通知', '<b>收款到账元！<br>订单号：<br>用户付款方式:<br>收款接口:<br>付款时间:<br>付款IP:</b>', ''),
(762, 1004, '2019-02-28 10:41:22', '127.0.0.1', '支付系统收款通知', '<b>收款到账元！<br>订单号：<br>用户付款方式:<br>收款接口:<br>付款时间:<br>付款IP:</b>', ''),
(763, 1004, '2019-02-28 10:41:32', '127.0.0.1', '支付系统收款通知', '<b>收款到账元！<br>订单号：<br>用户付款方式:<br>收款接口:<br>付款时间:<br>付款IP:</b>', ''),
(764, 1004, '2019-02-28 10:41:34', '127.0.0.1', '支付系统收款通知', '<b>收款到账元！<br>订单号：<br>用户付款方式:<br>收款接口:<br>付款时间:<br>付款IP:</b>', ''),
(765, 1004, '2019-02-28 10:41:45', '127.0.0.1', '支付系统收款通知', '<b>收款到账元！<br>订单号：<br>用户付款方式:<br>收款接口:<br>付款时间:<br>付款IP:</b>', ''),
(766, 1004, '2019-02-28 10:41:55', '127.0.0.1', '支付系统收款通知', '<b>收款到账元！<br>订单号：<br>用户付款方式:<br>收款接口:<br>付款时间:<br>付款IP:</b>', ''),
(767, 1004, '2019-02-28 10:42:05', '127.0.0.1', '支付系统收款通知', '<b>收款到账元！<br>订单号：<br>用户付款方式:<br>收款接口:<br>付款时间:<br>付款IP:</b>', ''),
(768, 1004, '2019-02-28 10:42:16', '127.0.0.1', '支付系统收款通知', '<b>收款到账元！<br>订单号：<br>用户付款方式:<br>收款接口:<br>付款时间:<br>付款IP:</b>', ''),
(769, 1004, '2019-02-28 10:42:26', '127.0.0.1', '支付系统收款通知', '<b>收款到账元！<br>订单号：<br>用户付款方式:<br>收款接口:<br>付款时间:<br>付款IP:</b>', ''),
(770, 1004, '2019-02-28 10:42:36', '127.0.0.1', '支付系统收款通知', '<b>收款到账元！<br>订单号：<br>用户付款方式:<br>收款接口:<br>付款时间:<br>付款IP:</b>', ''),
(771, 1004, '2019-02-28 10:42:46', '127.0.0.1', '支付系统收款通知', '<b>收款到账元！<br>订单号：<br>用户付款方式:<br>收款接口:<br>付款时间:<br>付款IP:</b>', ''),
(772, 1004, '2019-02-28 10:42:57', '127.0.0.1', '支付系统收款通知', '<b>收款到账元！<br>订单号：<br>用户付款方式:<br>收款接口:<br>付款时间:<br>付款IP:</b>', ''),
(773, 1004, '2019-02-28 10:43:07', '127.0.0.1', '支付系统收款通知', '<b>收款到账元！<br>订单号：<br>用户付款方式:<br>收款接口:<br>付款时间:<br>付款IP:</b>', ''),
(774, 1004, '2019-02-28 10:43:17', '127.0.0.1', '支付系统收款通知', '<b>收款到账元！<br>订单号：<br>用户付款方式:<br>收款接口:<br>付款时间:<br>付款IP:</b>', ''),
(775, 1004, '2019-02-28 10:43:27', '127.0.0.1', '支付系统收款通知', '<b>收款到账元！<br>订单号：<br>用户付款方式:<br>收款接口:<br>付款时间:<br>付款IP:</b>', '');
INSERT INTO `smtp_log` (`id`, `admin_id`, `add_time`, `add_ip`, `add_title`, `add_text`, `add_who`) VALUES
(776, 1004, '2019-02-28 10:43:37', '127.0.0.1', '支付系统收款通知', '<b>收款到账元！<br>订单号：<br>用户付款方式:<br>收款接口:<br>付款时间:<br>付款IP:</b>', ''),
(777, 1004, '2019-02-28 10:43:47', '127.0.0.1', '支付系统收款通知', '<b>收款到账元！<br>订单号：<br>用户付款方式:<br>收款接口:<br>付款时间:<br>付款IP:</b>', ''),
(778, 1004, '2019-02-28 10:43:57', '127.0.0.1', '支付系统收款通知', '<b>收款到账元！<br>订单号：<br>用户付款方式:<br>收款接口:<br>付款时间:<br>付款IP:</b>', ''),
(779, 1004, '2019-02-28 10:44:07', '127.0.0.1', '支付系统收款通知', '<b>收款到账元！<br>订单号：<br>用户付款方式:<br>收款接口:<br>付款时间:<br>付款IP:</b>', ''),
(780, 1004, '2019-02-28 10:44:18', '127.0.0.1', '支付系统收款通知', '<b>收款到账元！<br>订单号：<br>用户付款方式:<br>收款接口:<br>付款时间:<br>付款IP:</b>', ''),
(781, 1004, '2019-02-28 10:44:29', '127.0.0.1', '支付系统收款通知', '<b>收款到账元！<br>订单号：<br>用户付款方式:<br>收款接口:<br>付款时间:<br>付款IP:</b>', ''),
(782, 1004, '2019-02-28 10:44:40', '127.0.0.1', '支付系统收款通知', '<b>收款到账元！<br>订单号：<br>用户付款方式:<br>收款接口:<br>付款时间:<br>付款IP:</b>', ''),
(783, 1004, '2019-02-28 10:44:51', '127.0.0.1', '支付系统收款通知', '<b>收款到账元！<br>订单号：<br>用户付款方式:<br>收款接口:<br>付款时间:<br>付款IP:</b>', ''),
(784, 1004, '2019-02-28 10:45:02', '127.0.0.1', '支付系统收款通知', '<b>收款到账元！<br>订单号：<br>用户付款方式:<br>收款接口:<br>付款时间:<br>付款IP:</b>', ''),
(785, 1004, '2019-02-28 10:45:13', '127.0.0.1', '支付系统收款通知', '<b>收款到账元！<br>订单号：<br>用户付款方式:<br>收款接口:<br>付款时间:<br>付款IP:</b>', ''),
(786, 1004, '2019-02-28 10:45:24', '127.0.0.1', '支付系统收款通知', '<b>收款到账元！<br>订单号：<br>用户付款方式:<br>收款接口:<br>付款时间:<br>付款IP:</b>', ''),
(787, 1004, '2019-02-28 10:45:35', '127.0.0.1', '支付系统收款通知', '<b>收款到账元！<br>订单号：<br>用户付款方式:<br>收款接口:<br>付款时间:<br>付款IP:</b>', ''),
(788, 1004, '2019-02-28 10:45:46', '127.0.0.1', '支付系统收款通知', '<b>收款到账元！<br>订单号：<br>用户付款方式:<br>收款接口:<br>付款时间:<br>付款IP:</b>', ''),
(789, 1004, '2019-02-28 10:45:57', '127.0.0.1', '支付系统收款通知', '<b>收款到账元！<br>订单号：<br>用户付款方式:<br>收款接口:<br>付款时间:<br>付款IP:</b>', ''),
(790, 1004, '2019-02-28 10:46:08', '127.0.0.1', '支付系统收款通知', '<b>收款到账元！<br>订单号：<br>用户付款方式:<br>收款接口:<br>付款时间:<br>付款IP:</b>', ''),
(791, 1004, '2019-02-28 10:46:19', '127.0.0.1', '支付系统收款通知', '<b>收款到账元！<br>订单号：<br>用户付款方式:<br>收款接口:<br>付款时间:<br>付款IP:</b>', ''),
(792, 1004, '2019-02-28 10:46:30', '127.0.0.1', '支付系统收款通知', '<b>收款到账元！<br>订单号：<br>用户付款方式:<br>收款接口:<br>付款时间:<br>付款IP:</b>', ''),
(793, 1004, '2019-02-28 10:46:41', '127.0.0.1', '支付系统收款通知', '<b>收款到账元！<br>订单号：<br>用户付款方式:<br>收款接口:<br>付款时间:<br>付款IP:</b>', ''),
(794, 1004, '2019-02-28 10:46:52', '127.0.0.1', '支付系统收款通知', '<b>收款到账元！<br>订单号：<br>用户付款方式:<br>收款接口:<br>付款时间:<br>付款IP:</b>', ''),
(795, 1004, '2019-02-28 10:47:03', '127.0.0.1', '支付系统收款通知', '<b>收款到账元！<br>订单号：<br>用户付款方式:<br>收款接口:<br>付款时间:<br>付款IP:</b>', ''),
(796, 1004, '2019-02-28 10:47:14', '127.0.0.1', '支付系统收款通知', '<b>收款到账元！<br>订单号：<br>用户付款方式:<br>收款接口:<br>付款时间:<br>付款IP:</b>', ''),
(797, 1004, '2019-02-28 10:47:25', '127.0.0.1', '支付系统收款通知', '<b>收款到账元！<br>订单号：<br>用户付款方式:<br>收款接口:<br>付款时间:<br>付款IP:</b>', ''),
(798, 1004, '2019-02-28 10:47:36', '127.0.0.1', '支付系统收款通知', '<b>收款到账元！<br>订单号：<br>用户付款方式:<br>收款接口:<br>付款时间:<br>付款IP:</b>', ''),
(799, 1004, '2019-02-28 10:47:47', '127.0.0.1', '支付系统收款通知', '<b>收款到账元！<br>订单号：<br>用户付款方式:<br>收款接口:<br>付款时间:<br>付款IP:</b>', ''),
(800, 1004, '2019-02-28 10:47:58', '127.0.0.1', '支付系统收款通知', '<b>收款到账元！<br>订单号：<br>用户付款方式:<br>收款接口:<br>付款时间:<br>付款IP:</b>', ''),
(801, 1004, '2019-02-28 10:48:09', '127.0.0.1', '支付系统收款通知', '<b>收款到账元！<br>订单号：<br>用户付款方式:<br>收款接口:<br>付款时间:<br>付款IP:</b>', ''),
(802, 1004, '2019-02-28 10:48:20', '127.0.0.1', '支付系统收款通知', '<b>收款到账元！<br>订单号：<br>用户付款方式:<br>收款接口:<br>付款时间:<br>付款IP:</b>', ''),
(803, 1004, '2019-02-28 10:48:31', '127.0.0.1', '支付系统收款通知', '<b>收款到账元！<br>订单号：<br>用户付款方式:<br>收款接口:<br>付款时间:<br>付款IP:</b>', ''),
(804, 1004, '2019-02-28 10:48:42', '127.0.0.1', '支付系统收款通知', '<b>收款到账元！<br>订单号：<br>用户付款方式:<br>收款接口:<br>付款时间:<br>付款IP:</b>', ''),
(805, 1004, '2019-02-28 10:48:53', '127.0.0.1', '支付系统收款通知', '<b>收款到账元！<br>订单号：<br>用户付款方式:<br>收款接口:<br>付款时间:<br>付款IP:</b>', ''),
(806, 1004, '2019-02-28 10:49:04', '127.0.0.1', '支付系统收款通知', '<b>收款到账元！<br>订单号：<br>用户付款方式:<br>收款接口:<br>付款时间:<br>付款IP:</b>', ''),
(807, 1004, '2019-02-28 10:49:15', '127.0.0.1', '支付系统收款通知', '<b>收款到账元！<br>订单号：<br>用户付款方式:<br>收款接口:<br>付款时间:<br>付款IP:</b>', ''),
(808, 1004, '2019-02-28 10:49:26', '127.0.0.1', '支付系统收款通知', '<b>收款到账元！<br>订单号：<br>用户付款方式:<br>收款接口:<br>付款时间:<br>付款IP:</b>', ''),
(809, 1004, '2019-02-28 10:49:37', '127.0.0.1', '支付系统收款通知', '<b>收款到账元！<br>订单号：<br>用户付款方式:<br>收款接口:<br>付款时间:<br>付款IP:</b>', ''),
(810, 1004, '2019-02-28 10:49:48', '127.0.0.1', '支付系统收款通知', '<b>收款到账元！<br>订单号：<br>用户付款方式:<br>收款接口:<br>付款时间:<br>付款IP:</b>', ''),
(811, 1004, '2019-02-28 10:49:59', '127.0.0.1', '支付系统收款通知', '<b>收款到账元！<br>订单号：<br>用户付款方式:<br>收款接口:<br>付款时间:<br>付款IP:</b>', ''),
(812, 1004, '2019-02-28 10:50:10', '127.0.0.1', '支付系统收款通知', '<b>收款到账元！<br>订单号：<br>用户付款方式:<br>收款接口:<br>付款时间:<br>付款IP:</b>', ''),
(813, 1004, '2019-02-28 10:50:21', '127.0.0.1', '支付系统收款通知', '<b>收款到账元！<br>订单号：<br>用户付款方式:<br>收款接口:<br>付款时间:<br>付款IP:</b>', ''),
(814, 1004, '2019-02-28 10:50:32', '127.0.0.1', '支付系统收款通知', '<b>收款到账元！<br>订单号：<br>用户付款方式:<br>收款接口:<br>付款时间:<br>付款IP:</b>', ''),
(815, 1004, '2019-02-28 10:50:43', '127.0.0.1', '支付系统收款通知', '<b>收款到账元！<br>订单号：<br>用户付款方式:<br>收款接口:<br>付款时间:<br>付款IP:</b>', ''),
(816, 1004, '2019-02-28 10:50:54', '127.0.0.1', '支付系统收款通知', '<b>收款到账元！<br>订单号：<br>用户付款方式:<br>收款接口:<br>付款时间:<br>付款IP:</b>', ''),
(817, 1004, '2019-02-28 10:51:05', '127.0.0.1', '支付系统收款通知', '<b>收款到账元！<br>订单号：<br>用户付款方式:<br>收款接口:<br>付款时间:<br>付款IP:</b>', ''),
(818, 1004, '2019-02-28 10:51:16', '127.0.0.1', '支付系统收款通知', '<b>收款到账元！<br>订单号：<br>用户付款方式:<br>收款接口:<br>付款时间:<br>付款IP:</b>', ''),
(819, 1004, '2019-02-28 10:51:27', '127.0.0.1', '支付系统收款通知', '<b>收款到账元！<br>订单号：<br>用户付款方式:<br>收款接口:<br>付款时间:<br>付款IP:</b>', ''),
(820, 1004, '2019-02-28 10:51:38', '127.0.0.1', '支付系统收款通知', '<b>收款到账元！<br>订单号：<br>用户付款方式:<br>收款接口:<br>付款时间:<br>付款IP:</b>', ''),
(821, 1004, '2019-02-28 10:51:49', '127.0.0.1', '支付系统收款通知', '<b>收款到账元！<br>订单号：<br>用户付款方式:<br>收款接口:<br>付款时间:<br>付款IP:</b>', ''),
(822, 1004, '2019-02-28 10:52:00', '127.0.0.1', '支付系统收款通知', '<b>收款到账元！<br>订单号：<br>用户付款方式:<br>收款接口:<br>付款时间:<br>付款IP:</b>', ''),
(823, 1004, '2019-02-28 10:52:11', '127.0.0.1', '支付系统收款通知', '<b>收款到账元！<br>订单号：<br>用户付款方式:<br>收款接口:<br>付款时间:<br>付款IP:</b>', ''),
(824, 1004, '2019-02-28 10:52:22', '127.0.0.1', '支付系统收款通知', '<b>收款到账元！<br>订单号：<br>用户付款方式:<br>收款接口:<br>付款时间:<br>付款IP:</b>', ''),
(825, 1004, '2019-02-28 10:52:33', '127.0.0.1', '支付系统收款通知', '<b>收款到账元！<br>订单号：<br>用户付款方式:<br>收款接口:<br>付款时间:<br>付款IP:</b>', ''),
(826, 1004, '2019-02-28 10:52:44', '127.0.0.1', '支付系统收款通知', '<b>收款到账元！<br>订单号：<br>用户付款方式:<br>收款接口:<br>付款时间:<br>付款IP:</b>', ''),
(827, 1004, '2019-02-28 10:52:55', '127.0.0.1', '支付系统收款通知', '<b>收款到账元！<br>订单号：<br>用户付款方式:<br>收款接口:<br>付款时间:<br>付款IP:</b>', ''),
(828, 1004, '2019-02-28 10:53:06', '127.0.0.1', '支付系统收款通知', '<b>收款到账元！<br>订单号：<br>用户付款方式:<br>收款接口:<br>付款时间:<br>付款IP:</b>', ''),
(829, 1004, '2019-02-28 10:53:17', '127.0.0.1', '支付系统收款通知', '<b>收款到账元！<br>订单号：<br>用户付款方式:<br>收款接口:<br>付款时间:<br>付款IP:</b>', ''),
(830, 1004, '2019-02-28 10:53:28', '127.0.0.1', '支付系统收款通知', '<b>收款到账元！<br>订单号：<br>用户付款方式:<br>收款接口:<br>付款时间:<br>付款IP:</b>', ''),
(831, 1004, '2019-02-28 10:53:39', '127.0.0.1', '支付系统收款通知', '<b>收款到账元！<br>订单号：<br>用户付款方式:<br>收款接口:<br>付款时间:<br>付款IP:</b>', ''),
(832, 1004, '2019-02-28 10:53:50', '127.0.0.1', '支付系统收款通知', '<b>收款到账元！<br>订单号：<br>用户付款方式:<br>收款接口:<br>付款时间:<br>付款IP:</b>', ''),
(833, 1004, '2019-02-28 10:54:01', '127.0.0.1', '支付系统收款通知', '<b>收款到账元！<br>订单号：<br>用户付款方式:<br>收款接口:<br>付款时间:<br>付款IP:</b>', ''),
(834, 1004, '2019-02-28 10:54:12', '127.0.0.1', '支付系统收款通知', '<b>收款到账元！<br>订单号：<br>用户付款方式:<br>收款接口:<br>付款时间:<br>付款IP:</b>', ''),
(835, 1004, '2019-02-28 10:54:23', '127.0.0.1', '支付系统收款通知', '<b>收款到账元！<br>订单号：<br>用户付款方式:<br>收款接口:<br>付款时间:<br>付款IP:</b>', ''),
(836, 1004, '2019-02-28 10:54:34', '127.0.0.1', '支付系统收款通知', '<b>收款到账元！<br>订单号：<br>用户付款方式:<br>收款接口:<br>付款时间:<br>付款IP:</b>', ''),
(837, 1004, '2019-02-28 10:54:45', '127.0.0.1', '支付系统收款通知', '<b>收款到账元！<br>订单号：<br>用户付款方式:<br>收款接口:<br>付款时间:<br>付款IP:</b>', ''),
(838, 1004, '2019-02-28 10:54:56', '127.0.0.1', '支付系统收款通知', '<b>收款到账元！<br>订单号：<br>用户付款方式:<br>收款接口:<br>付款时间:<br>付款IP:</b>', ''),
(839, 1004, '2019-02-28 10:55:07', '127.0.0.1', '支付系统收款通知', '<b>收款到账元！<br>订单号：<br>用户付款方式:<br>收款接口:<br>付款时间:<br>付款IP:</b>', ''),
(840, 1004, '2019-02-28 10:55:18', '127.0.0.1', '支付系统收款通知', '<b>收款到账元！<br>订单号：<br>用户付款方式:<br>收款接口:<br>付款时间:<br>付款IP:</b>', ''),
(841, 1004, '2019-02-28 10:55:29', '127.0.0.1', '支付系统收款通知', '<b>收款到账元！<br>订单号：<br>用户付款方式:<br>收款接口:<br>付款时间:<br>付款IP:</b>', ''),
(842, 1004, '2019-02-28 10:55:40', '127.0.0.1', '支付系统收款通知', '<b>收款到账元！<br>订单号：<br>用户付款方式:<br>收款接口:<br>付款时间:<br>付款IP:</b>', ''),
(843, 1004, '2019-02-28 10:55:51', '127.0.0.1', '支付系统收款通知', '<b>收款到账元！<br>订单号：<br>用户付款方式:<br>收款接口:<br>付款时间:<br>付款IP:</b>', ''),
(844, 1004, '2019-02-28 10:56:02', '127.0.0.1', '支付系统收款通知', '<b>收款到账元！<br>订单号：<br>用户付款方式:<br>收款接口:<br>付款时间:<br>付款IP:</b>', ''),
(845, 1004, '2019-02-28 10:56:13', '127.0.0.1', '支付系统收款通知', '<b>收款到账元！<br>订单号：<br>用户付款方式:<br>收款接口:<br>付款时间:<br>付款IP:</b>', ''),
(846, 1004, '2019-02-28 10:56:24', '127.0.0.1', '支付系统收款通知', '<b>收款到账元！<br>订单号：<br>用户付款方式:<br>收款接口:<br>付款时间:<br>付款IP:</b>', ''),
(847, 1004, '2019-02-28 10:56:35', '127.0.0.1', '支付系统收款通知', '<b>收款到账元！<br>订单号：<br>用户付款方式:<br>收款接口:<br>付款时间:<br>付款IP:</b>', ''),
(848, 1004, '2019-02-28 10:56:46', '127.0.0.1', '支付系统收款通知', '<b>收款到账元！<br>订单号：<br>用户付款方式:<br>收款接口:<br>付款时间:<br>付款IP:</b>', ''),
(849, 1004, '2019-02-28 10:56:57', '127.0.0.1', '支付系统收款通知', '<b>收款到账元！<br>订单号：<br>用户付款方式:<br>收款接口:<br>付款时间:<br>付款IP:</b>', ''),
(850, 1004, '2019-02-28 10:57:08', '127.0.0.1', '支付系统收款通知', '<b>收款到账元！<br>订单号：<br>用户付款方式:<br>收款接口:<br>付款时间:<br>付款IP:</b>', ''),
(851, 1004, '2019-02-28 10:57:19', '127.0.0.1', '支付系统收款通知', '<b>收款到账元！<br>订单号：<br>用户付款方式:<br>收款接口:<br>付款时间:<br>付款IP:</b>', ''),
(852, 1004, '2019-02-28 10:57:30', '127.0.0.1', '支付系统收款通知', '<b>收款到账元！<br>订单号：<br>用户付款方式:<br>收款接口:<br>付款时间:<br>付款IP:</b>', ''),
(853, 1004, '2019-02-28 10:57:41', '127.0.0.1', '支付系统收款通知', '<b>收款到账元！<br>订单号：<br>用户付款方式:<br>收款接口:<br>付款时间:<br>付款IP:</b>', ''),
(854, 1004, '2019-02-28 10:57:52', '127.0.0.1', '支付系统收款通知', '<b>收款到账元！<br>订单号：<br>用户付款方式:<br>收款接口:<br>付款时间:<br>付款IP:</b>', ''),
(855, 1004, '2019-02-28 10:58:03', '127.0.0.1', '支付系统收款通知', '<b>收款到账元！<br>订单号：<br>用户付款方式:<br>收款接口:<br>付款时间:<br>付款IP:</b>', ''),
(856, 1004, '2019-02-28 10:58:14', '127.0.0.1', '支付系统收款通知', '<b>收款到账元！<br>订单号：<br>用户付款方式:<br>收款接口:<br>付款时间:<br>付款IP:</b>', ''),
(857, 1004, '2019-02-28 10:58:25', '127.0.0.1', '支付系统收款通知', '<b>收款到账元！<br>订单号：<br>用户付款方式:<br>收款接口:<br>付款时间:<br>付款IP:</b>', ''),
(858, 1004, '2019-02-28 10:58:36', '127.0.0.1', '支付系统收款通知', '<b>收款到账元！<br>订单号：<br>用户付款方式:<br>收款接口:<br>付款时间:<br>付款IP:</b>', ''),
(859, 1004, '2019-02-28 10:58:47', '127.0.0.1', '支付系统收款通知', '<b>收款到账元！<br>订单号：<br>用户付款方式:<br>收款接口:<br>付款时间:<br>付款IP:</b>', ''),
(860, 1004, '2019-02-28 10:58:58', '127.0.0.1', '支付系统收款通知', '<b>收款到账元！<br>订单号：<br>用户付款方式:<br>收款接口:<br>付款时间:<br>付款IP:</b>', ''),
(861, 1004, '2019-02-28 10:59:09', '127.0.0.1', '支付系统收款通知', '<b>收款到账元！<br>订单号：<br>用户付款方式:<br>收款接口:<br>付款时间:<br>付款IP:</b>', ''),
(862, 1004, '2019-02-28 10:59:20', '127.0.0.1', '支付系统收款通知', '<b>收款到账元！<br>订单号：<br>用户付款方式:<br>收款接口:<br>付款时间:<br>付款IP:</b>', ''),
(863, 1004, '2019-02-28 10:59:31', '127.0.0.1', '支付系统收款通知', '<b>收款到账元！<br>订单号：<br>用户付款方式:<br>收款接口:<br>付款时间:<br>付款IP:</b>', ''),
(864, 1004, '2019-02-28 10:59:42', '127.0.0.1', '支付系统收款通知', '<b>收款到账元！<br>订单号：<br>用户付款方式:<br>收款接口:<br>付款时间:<br>付款IP:</b>', ''),
(865, 1004, '2019-02-28 10:59:53', '127.0.0.1', '支付系统收款通知', '<b>收款到账元！<br>订单号：<br>用户付款方式:<br>收款接口:<br>付款时间:<br>付款IP:</b>', ''),
(866, 1004, '2019-02-28 11:00:04', '127.0.0.1', '支付系统收款通知', '<b>收款到账元！<br>订单号：<br>用户付款方式:<br>收款接口:<br>付款时间:<br>付款IP:</b>', ''),
(867, 1004, '2019-02-28 11:00:15', '127.0.0.1', '支付系统收款通知', '<b>收款到账元！<br>订单号：<br>用户付款方式:<br>收款接口:<br>付款时间:<br>付款IP:</b>', ''),
(868, 1004, '2019-02-28 11:00:26', '127.0.0.1', '支付系统收款通知', '<b>收款到账元！<br>订单号：<br>用户付款方式:<br>收款接口:<br>付款时间:<br>付款IP:</b>', ''),
(869, 1004, '2019-02-28 11:00:37', '127.0.0.1', '支付系统收款通知', '<b>收款到账元！<br>订单号：<br>用户付款方式:<br>收款接口:<br>付款时间:<br>付款IP:</b>', ''),
(870, 1004, '2019-02-28 11:00:48', '127.0.0.1', '支付系统收款通知', '<b>收款到账元！<br>订单号：<br>用户付款方式:<br>收款接口:<br>付款时间:<br>付款IP:</b>', ''),
(871, 1004, '2019-02-28 11:00:59', '127.0.0.1', '支付系统收款通知', '<b>收款到账元！<br>订单号：<br>用户付款方式:<br>收款接口:<br>付款时间:<br>付款IP:</b>', ''),
(872, 1004, '2019-02-28 11:01:10', '127.0.0.1', '支付系统收款通知', '<b>收款到账元！<br>订单号：<br>用户付款方式:<br>收款接口:<br>付款时间:<br>付款IP:</b>', ''),
(873, 1004, '2019-02-28 11:01:21', '127.0.0.1', '支付系统收款通知', '<b>收款到账元！<br>订单号：<br>用户付款方式:<br>收款接口:<br>付款时间:<br>付款IP:</b>', ''),
(874, 1004, '2019-02-28 11:01:32', '127.0.0.1', '支付系统收款通知', '<b>收款到账元！<br>订单号：<br>用户付款方式:<br>收款接口:<br>付款时间:<br>付款IP:</b>', ''),
(875, 1004, '2019-02-28 11:01:43', '127.0.0.1', '支付系统收款通知', '<b>收款到账元！<br>订单号：<br>用户付款方式:<br>收款接口:<br>付款时间:<br>付款IP:</b>', ''),
(876, 1004, '2019-02-28 11:01:54', '127.0.0.1', '支付系统收款通知', '<b>收款到账元！<br>订单号：<br>用户付款方式:<br>收款接口:<br>付款时间:<br>付款IP:</b>', ''),
(877, 1004, '2019-02-28 11:02:05', '127.0.0.1', '支付系统收款通知', '<b>收款到账元！<br>订单号：<br>用户付款方式:<br>收款接口:<br>付款时间:<br>付款IP:</b>', ''),
(878, 1004, '2019-02-28 11:02:16', '127.0.0.1', '支付系统收款通知', '<b>收款到账元！<br>订单号：<br>用户付款方式:<br>收款接口:<br>付款时间:<br>付款IP:</b>', ''),
(879, 1004, '2019-02-28 11:02:27', '127.0.0.1', '支付系统收款通知', '<b>收款到账元！<br>订单号：<br>用户付款方式:<br>收款接口:<br>付款时间:<br>付款IP:</b>', ''),
(880, 1004, '2019-02-28 11:02:38', '127.0.0.1', '支付系统收款通知', '<b>收款到账元！<br>订单号：<br>用户付款方式:<br>收款接口:<br>付款时间:<br>付款IP:</b>', ''),
(881, 1004, '2019-02-28 11:02:49', '127.0.0.1', '支付系统收款通知', '<b>收款到账元！<br>订单号：<br>用户付款方式:<br>收款接口:<br>付款时间:<br>付款IP:</b>', ''),
(882, 1004, '2019-02-28 11:03:00', '127.0.0.1', '支付系统收款通知', '<b>收款到账元！<br>订单号：<br>用户付款方式:<br>收款接口:<br>付款时间:<br>付款IP:</b>', ''),
(883, 1004, '2019-02-28 11:03:11', '127.0.0.1', '支付系统收款通知', '<b>收款到账元！<br>订单号：<br>用户付款方式:<br>收款接口:<br>付款时间:<br>付款IP:</b>', ''),
(884, 1004, '2019-02-28 11:03:22', '127.0.0.1', '支付系统收款通知', '<b>收款到账元！<br>订单号：<br>用户付款方式:<br>收款接口:<br>付款时间:<br>付款IP:</b>', ''),
(885, 1004, '2019-02-28 11:03:33', '127.0.0.1', '支付系统收款通知', '<b>收款到账元！<br>订单号：<br>用户付款方式:<br>收款接口:<br>付款时间:<br>付款IP:</b>', ''),
(886, 1004, '2019-02-28 11:03:44', '127.0.0.1', '支付系统收款通知', '<b>收款到账元！<br>订单号：<br>用户付款方式:<br>收款接口:<br>付款时间:<br>付款IP:</b>', ''),
(887, 1004, '2019-02-28 11:03:55', '127.0.0.1', '支付系统收款通知', '<b>收款到账元！<br>订单号：<br>用户付款方式:<br>收款接口:<br>付款时间:<br>付款IP:</b>', ''),
(888, 1004, '2019-02-28 11:04:06', '127.0.0.1', '支付系统收款通知', '<b>收款到账元！<br>订单号：<br>用户付款方式:<br>收款接口:<br>付款时间:<br>付款IP:</b>', ''),
(889, 1004, '2019-02-28 11:04:17', '127.0.0.1', '支付系统收款通知', '<b>收款到账元！<br>订单号：<br>用户付款方式:<br>收款接口:<br>付款时间:<br>付款IP:</b>', ''),
(890, 1004, '2019-02-28 11:04:28', '127.0.0.1', '支付系统收款通知', '<b>收款到账元！<br>订单号：<br>用户付款方式:<br>收款接口:<br>付款时间:<br>付款IP:</b>', ''),
(891, 1004, '2019-02-28 11:04:39', '127.0.0.1', '支付系统收款通知', '<b>收款到账元！<br>订单号：<br>用户付款方式:<br>收款接口:<br>付款时间:<br>付款IP:</b>', ''),
(892, 1004, '2019-02-28 11:04:50', '127.0.0.1', '支付系统收款通知', '<b>收款到账元！<br>订单号：<br>用户付款方式:<br>收款接口:<br>付款时间:<br>付款IP:</b>', ''),
(893, 1004, '2019-02-28 11:05:01', '127.0.0.1', '支付系统收款通知', '<b>收款到账元！<br>订单号：<br>用户付款方式:<br>收款接口:<br>付款时间:<br>付款IP:</b>', ''),
(894, 1004, '2019-02-28 11:05:12', '127.0.0.1', '支付系统收款通知', '<b>收款到账元！<br>订单号：<br>用户付款方式:<br>收款接口:<br>付款时间:<br>付款IP:</b>', ''),
(895, 1004, '2019-02-28 11:05:23', '127.0.0.1', '支付系统收款通知', '<b>收款到账元！<br>订单号：<br>用户付款方式:<br>收款接口:<br>付款时间:<br>付款IP:</b>', ''),
(896, 1004, '2019-02-28 11:05:34', '127.0.0.1', '支付系统收款通知', '<b>收款到账元！<br>订单号：<br>用户付款方式:<br>收款接口:<br>付款时间:<br>付款IP:</b>', ''),
(897, 1004, '2019-02-28 11:05:45', '127.0.0.1', '支付系统收款通知', '<b>收款到账元！<br>订单号：<br>用户付款方式:<br>收款接口:<br>付款时间:<br>付款IP:</b>', ''),
(898, 1004, '2019-02-28 11:05:56', '127.0.0.1', '支付系统收款通知', '<b>收款到账元！<br>订单号：<br>用户付款方式:<br>收款接口:<br>付款时间:<br>付款IP:</b>', ''),
(899, 1004, '2019-02-28 11:06:07', '127.0.0.1', '支付系统收款通知', '<b>收款到账元！<br>订单号：<br>用户付款方式:<br>收款接口:<br>付款时间:<br>付款IP:</b>', ''),
(900, 1004, '2019-02-28 11:06:18', '127.0.0.1', '支付系统收款通知', '<b>收款到账元！<br>订单号：<br>用户付款方式:<br>收款接口:<br>付款时间:<br>付款IP:</b>', ''),
(901, 1004, '2019-02-28 11:06:29', '127.0.0.1', '支付系统收款通知', '<b>收款到账元！<br>订单号：<br>用户付款方式:<br>收款接口:<br>付款时间:<br>付款IP:</b>', ''),
(902, 1004, '2019-02-28 11:06:40', '127.0.0.1', '支付系统收款通知', '<b>收款到账元！<br>订单号：<br>用户付款方式:<br>收款接口:<br>付款时间:<br>付款IP:</b>', ''),
(903, 1004, '2019-02-28 11:06:51', '127.0.0.1', '支付系统收款通知', '<b>收款到账元！<br>订单号：<br>用户付款方式:<br>收款接口:<br>付款时间:<br>付款IP:</b>', ''),
(904, 1004, '2019-02-28 11:07:02', '127.0.0.1', '支付系统收款通知', '<b>收款到账元！<br>订单号：<br>用户付款方式:<br>收款接口:<br>付款时间:<br>付款IP:</b>', ''),
(905, 1004, '2019-02-28 11:07:13', '127.0.0.1', '支付系统收款通知', '<b>收款到账元！<br>订单号：<br>用户付款方式:<br>收款接口:<br>付款时间:<br>付款IP:</b>', ''),
(906, 1004, '2019-02-28 11:07:24', '127.0.0.1', '支付系统收款通知', '<b>收款到账元！<br>订单号：<br>用户付款方式:<br>收款接口:<br>付款时间:<br>付款IP:</b>', ''),
(907, 1004, '2019-02-28 11:07:35', '127.0.0.1', '支付系统收款通知', '<b>收款到账元！<br>订单号：<br>用户付款方式:<br>收款接口:<br>付款时间:<br>付款IP:</b>', ''),
(908, 1004, '2019-02-28 11:07:46', '127.0.0.1', '支付系统收款通知', '<b>收款到账元！<br>订单号：<br>用户付款方式:<br>收款接口:<br>付款时间:<br>付款IP:</b>', ''),
(909, 1004, '2019-02-28 11:07:57', '127.0.0.1', '支付系统收款通知', '<b>收款到账元！<br>订单号：<br>用户付款方式:<br>收款接口:<br>付款时间:<br>付款IP:</b>', ''),
(910, 1004, '2019-02-28 11:08:08', '127.0.0.1', '支付系统收款通知', '<b>收款到账元！<br>订单号：<br>用户付款方式:<br>收款接口:<br>付款时间:<br>付款IP:</b>', ''),
(911, 1004, '2019-02-28 11:08:19', '127.0.0.1', '支付系统收款通知', '<b>收款到账元！<br>订单号：<br>用户付款方式:<br>收款接口:<br>付款时间:<br>付款IP:</b>', ''),
(912, 1004, '2019-02-28 11:08:30', '127.0.0.1', '支付系统收款通知', '<b>收款到账元！<br>订单号：<br>用户付款方式:<br>收款接口:<br>付款时间:<br>付款IP:</b>', ''),
(913, 1004, '2019-02-28 11:08:41', '127.0.0.1', '支付系统收款通知', '<b>收款到账元！<br>订单号：<br>用户付款方式:<br>收款接口:<br>付款时间:<br>付款IP:</b>', ''),
(914, 1004, '2019-02-28 11:08:52', '127.0.0.1', '支付系统收款通知', '<b>收款到账元！<br>订单号：<br>用户付款方式:<br>收款接口:<br>付款时间:<br>付款IP:</b>', ''),
(915, 1004, '2019-02-28 11:09:03', '127.0.0.1', '支付系统收款通知', '<b>收款到账元！<br>订单号：<br>用户付款方式:<br>收款接口:<br>付款时间:<br>付款IP:</b>', ''),
(916, 1004, '2019-02-28 11:09:14', '127.0.0.1', '支付系统收款通知', '<b>收款到账元！<br>订单号：<br>用户付款方式:<br>收款接口:<br>付款时间:<br>付款IP:</b>', ''),
(917, 1004, '2019-02-28 11:09:25', '127.0.0.1', '支付系统收款通知', '<b>收款到账元！<br>订单号：<br>用户付款方式:<br>收款接口:<br>付款时间:<br>付款IP:</b>', ''),
(918, 1004, '2019-02-28 12:22:29', '127.0.0.1', '支付系统收款通知', '<b>收款到账元！<br>订单号：<br>用户付款方式:<br>收款接口:<br>付款时间:<br>付款IP:</b>', ''),
(919, 1004, '2019-02-28 12:22:39', '127.0.0.1', '支付系统收款通知', '<b>收款到账元！<br>订单号：<br>用户付款方式:<br>收款接口:<br>付款时间:<br>付款IP:</b>', ''),
(920, 1004, '2019-02-28 12:22:49', '127.0.0.1', '支付系统收款通知', '<b>收款到账元！<br>订单号：<br>用户付款方式:<br>收款接口:<br>付款时间:<br>付款IP:</b>', ''),
(921, 1004, '2019-02-28 12:22:59', '127.0.0.1', '支付系统收款通知', '<b>收款到账元！<br>订单号：<br>用户付款方式:<br>收款接口:<br>付款时间:<br>付款IP:</b>', ''),
(922, 1004, '2019-02-28 12:23:09', '127.0.0.1', '支付系统收款通知', '<b>收款到账元！<br>订单号：<br>用户付款方式:<br>收款接口:<br>付款时间:<br>付款IP:</b>', ''),
(923, 1004, '2019-02-28 12:23:19', '127.0.0.1', '支付系统收款通知', '<b>收款到账元！<br>订单号：<br>用户付款方式:<br>收款接口:<br>付款时间:<br>付款IP:</b>', ''),
(924, 1004, '2019-02-28 12:23:29', '127.0.0.1', '支付系统收款通知', '<b>收款到账元！<br>订单号：<br>用户付款方式:<br>收款接口:<br>付款时间:<br>付款IP:</b>', ''),
(925, 1004, '2019-02-28 12:23:39', '127.0.0.1', '支付系统收款通知', '<b>收款到账元！<br>订单号：<br>用户付款方式:<br>收款接口:<br>付款时间:<br>付款IP:</b>', ''),
(926, 1004, '2019-02-28 12:23:49', '127.0.0.1', '支付系统收款通知', '<b>收款到账元！<br>订单号：<br>用户付款方式:<br>收款接口:<br>付款时间:<br>付款IP:</b>', ''),
(927, 1004, '2019-02-28 12:23:59', '127.0.0.1', '支付系统收款通知', '<b>收款到账元！<br>订单号：<br>用户付款方式:<br>收款接口:<br>付款时间:<br>付款IP:</b>', ''),
(928, 1004, '2019-02-28 12:24:09', '127.0.0.1', '支付系统收款通知', '<b>收款到账元！<br>订单号：<br>用户付款方式:<br>收款接口:<br>付款时间:<br>付款IP:</b>', ''),
(929, 1004, '2019-02-28 12:24:19', '127.0.0.1', '支付系统收款通知', '<b>收款到账元！<br>订单号：<br>用户付款方式:<br>收款接口:<br>付款时间:<br>付款IP:</b>', ''),
(930, 1004, '2019-02-28 12:24:29', '127.0.0.1', '支付系统收款通知', '<b>收款到账元！<br>订单号：<br>用户付款方式:<br>收款接口:<br>付款时间:<br>付款IP:</b>', ''),
(931, 1004, '2019-02-28 12:24:39', '127.0.0.1', '支付系统收款通知', '<b>收款到账元！<br>订单号：<br>用户付款方式:<br>收款接口:<br>付款时间:<br>付款IP:</b>', ''),
(932, 1004, '2019-02-28 12:24:49', '127.0.0.1', '支付系统收款通知', '<b>收款到账元！<br>订单号：<br>用户付款方式:<br>收款接口:<br>付款时间:<br>付款IP:</b>', ''),
(933, 1004, '2019-02-28 12:24:59', '127.0.0.1', '支付系统收款通知', '<b>收款到账元！<br>订单号：<br>用户付款方式:<br>收款接口:<br>付款时间:<br>付款IP:</b>', ''),
(934, 1004, '2019-02-28 12:25:09', '127.0.0.1', '支付系统收款通知', '<b>收款到账元！<br>订单号：<br>用户付款方式:<br>收款接口:<br>付款时间:<br>付款IP:</b>', ''),
(935, 1004, '2019-02-28 12:25:19', '127.0.0.1', '支付系统收款通知', '<b>收款到账元！<br>订单号：<br>用户付款方式:<br>收款接口:<br>付款时间:<br>付款IP:</b>', ''),
(936, 1004, '2019-02-28 12:25:29', '127.0.0.1', '支付系统收款通知', '<b>收款到账元！<br>订单号：<br>用户付款方式:<br>收款接口:<br>付款时间:<br>付款IP:</b>', ''),
(937, 1004, '2019-02-28 12:25:39', '127.0.0.1', '支付系统收款通知', '<b>收款到账元！<br>订单号：<br>用户付款方式:<br>收款接口:<br>付款时间:<br>付款IP:</b>', ''),
(938, 1004, '2019-02-28 12:25:49', '127.0.0.1', '支付系统收款通知', '<b>收款到账元！<br>订单号：<br>用户付款方式:<br>收款接口:<br>付款时间:<br>付款IP:</b>', ''),
(939, 1004, '2019-02-28 12:25:59', '127.0.0.1', '支付系统收款通知', '<b>收款到账元！<br>订单号：<br>用户付款方式:<br>收款接口:<br>付款时间:<br>付款IP:</b>', ''),
(940, 1004, '2019-02-28 12:26:09', '127.0.0.1', '支付系统收款通知', '<b>收款到账元！<br>订单号：<br>用户付款方式:<br>收款接口:<br>付款时间:<br>付款IP:</b>', ''),
(941, 1004, '2019-02-28 12:26:19', '127.0.0.1', '支付系统收款通知', '<b>收款到账元！<br>订单号：<br>用户付款方式:<br>收款接口:<br>付款时间:<br>付款IP:</b>', ''),
(942, 1004, '2019-02-28 12:26:30', '127.0.0.1', '支付系统收款通知', '<b>收款到账元！<br>订单号：<br>用户付款方式:<br>收款接口:<br>付款时间:<br>付款IP:</b>', ''),
(943, 1004, '2019-02-28 12:26:40', '127.0.0.1', '支付系统收款通知', '<b>收款到账元！<br>订单号：<br>用户付款方式:<br>收款接口:<br>付款时间:<br>付款IP:</b>', ''),
(944, 1004, '2019-02-28 12:26:50', '127.0.0.1', '支付系统收款通知', '<b>收款到账元！<br>订单号：<br>用户付款方式:<br>收款接口:<br>付款时间:<br>付款IP:</b>', ''),
(945, 1004, '2019-02-28 12:27:00', '127.0.0.1', '支付系统收款通知', '<b>收款到账元！<br>订单号：<br>用户付款方式:<br>收款接口:<br>付款时间:<br>付款IP:</b>', ''),
(946, 1004, '2019-02-28 12:27:10', '127.0.0.1', '支付系统收款通知', '<b>收款到账元！<br>订单号：<br>用户付款方式:<br>收款接口:<br>付款时间:<br>付款IP:</b>', ''),
(947, 1004, '2019-02-28 12:27:20', '127.0.0.1', '支付系统收款通知', '<b>收款到账元！<br>订单号：<br>用户付款方式:<br>收款接口:<br>付款时间:<br>付款IP:</b>', ''),
(948, 1004, '2019-02-28 12:27:31', '127.0.0.1', '支付系统收款通知', '<b>收款到账元！<br>订单号：<br>用户付款方式:<br>收款接口:<br>付款时间:<br>付款IP:</b>', ''),
(949, 1004, '2019-02-28 12:27:42', '127.0.0.1', '支付系统收款通知', '<b>收款到账元！<br>订单号：<br>用户付款方式:<br>收款接口:<br>付款时间:<br>付款IP:</b>', ''),
(950, 1004, '2019-02-28 12:27:53', '127.0.0.1', '支付系统收款通知', '<b>收款到账元！<br>订单号：<br>用户付款方式:<br>收款接口:<br>付款时间:<br>付款IP:</b>', ''),
(951, 1004, '2019-02-28 12:28:04', '127.0.0.1', '支付系统收款通知', '<b>收款到账元！<br>订单号：<br>用户付款方式:<br>收款接口:<br>付款时间:<br>付款IP:</b>', ''),
(952, 1004, '2019-02-28 12:28:15', '127.0.0.1', '支付系统收款通知', '<b>收款到账元！<br>订单号：<br>用户付款方式:<br>收款接口:<br>付款时间:<br>付款IP:</b>', ''),
(953, 1004, '2019-02-28 12:28:26', '127.0.0.1', '支付系统收款通知', '<b>收款到账元！<br>订单号：<br>用户付款方式:<br>收款接口:<br>付款时间:<br>付款IP:</b>', ''),
(954, 1004, '2019-02-28 12:28:37', '127.0.0.1', '支付系统收款通知', '<b>收款到账元！<br>订单号：<br>用户付款方式:<br>收款接口:<br>付款时间:<br>付款IP:</b>', ''),
(955, 1004, '2019-02-28 12:28:48', '127.0.0.1', '支付系统收款通知', '<b>收款到账元！<br>订单号：<br>用户付款方式:<br>收款接口:<br>付款时间:<br>付款IP:</b>', ''),
(956, 1004, '2019-02-28 12:28:59', '127.0.0.1', '支付系统收款通知', '<b>收款到账元！<br>订单号：<br>用户付款方式:<br>收款接口:<br>付款时间:<br>付款IP:</b>', ''),
(957, 1004, '2019-02-28 12:29:10', '127.0.0.1', '支付系统收款通知', '<b>收款到账元！<br>订单号：<br>用户付款方式:<br>收款接口:<br>付款时间:<br>付款IP:</b>', ''),
(958, 1004, '2019-02-28 12:29:21', '127.0.0.1', '支付系统收款通知', '<b>收款到账元！<br>订单号：<br>用户付款方式:<br>收款接口:<br>付款时间:<br>付款IP:</b>', ''),
(959, 1004, '2019-02-28 12:29:31', '127.0.0.1', '支付系统收款通知', '<b>收款到账元！<br>订单号：<br>用户付款方式:<br>收款接口:<br>付款时间:<br>付款IP:</b>', ''),
(960, 1004, '2019-02-28 12:29:41', '127.0.0.1', '支付系统收款通知', '<b>收款到账元！<br>订单号：<br>用户付款方式:<br>收款接口:<br>付款时间:<br>付款IP:</b>', ''),
(961, 1004, '2019-02-28 12:29:51', '127.0.0.1', '支付系统收款通知', '<b>收款到账元！<br>订单号：<br>用户付款方式:<br>收款接口:<br>付款时间:<br>付款IP:</b>', ''),
(962, 1004, '2019-02-28 12:30:01', '127.0.0.1', '支付系统收款通知', '<b>收款到账元！<br>订单号：<br>用户付款方式:<br>收款接口:<br>付款时间:<br>付款IP:</b>', ''),
(963, 1004, '2019-02-28 12:30:12', '127.0.0.1', '支付系统收款通知', '<b>收款到账元！<br>订单号：<br>用户付款方式:<br>收款接口:<br>付款时间:<br>付款IP:</b>', ''),
(964, 1004, '2019-02-28 12:30:23', '127.0.0.1', '支付系统收款通知', '<b>收款到账元！<br>订单号：<br>用户付款方式:<br>收款接口:<br>付款时间:<br>付款IP:</b>', ''),
(965, 1004, '2019-02-28 12:30:34', '127.0.0.1', '支付系统收款通知', '<b>收款到账元！<br>订单号：<br>用户付款方式:<br>收款接口:<br>付款时间:<br>付款IP:</b>', ''),
(966, 1004, '2019-02-28 12:30:45', '127.0.0.1', '支付系统收款通知', '<b>收款到账元！<br>订单号：<br>用户付款方式:<br>收款接口:<br>付款时间:<br>付款IP:</b>', ''),
(967, 1004, '2019-02-28 12:30:56', '127.0.0.1', '支付系统收款通知', '<b>收款到账元！<br>订单号：<br>用户付款方式:<br>收款接口:<br>付款时间:<br>付款IP:</b>', ''),
(968, 1004, '2019-02-28 12:31:07', '127.0.0.1', '支付系统收款通知', '<b>收款到账元！<br>订单号：<br>用户付款方式:<br>收款接口:<br>付款时间:<br>付款IP:</b>', ''),
(969, 1004, '2019-02-28 12:31:18', '127.0.0.1', '支付系统收款通知', '<b>收款到账元！<br>订单号：<br>用户付款方式:<br>收款接口:<br>付款时间:<br>付款IP:</b>', ''),
(970, 1004, '2019-02-28 12:31:29', '127.0.0.1', '支付系统收款通知', '<b>收款到账元！<br>订单号：<br>用户付款方式:<br>收款接口:<br>付款时间:<br>付款IP:</b>', ''),
(971, 1004, '2019-02-28 12:31:40', '127.0.0.1', '支付系统收款通知', '<b>收款到账元！<br>订单号：<br>用户付款方式:<br>收款接口:<br>付款时间:<br>付款IP:</b>', ''),
(972, 1004, '2019-02-28 12:31:51', '127.0.0.1', '支付系统收款通知', '<b>收款到账元！<br>订单号：<br>用户付款方式:<br>收款接口:<br>付款时间:<br>付款IP:</b>', ''),
(973, 1004, '2019-02-28 12:32:02', '127.0.0.1', '支付系统收款通知', '<b>收款到账元！<br>订单号：<br>用户付款方式:<br>收款接口:<br>付款时间:<br>付款IP:</b>', ''),
(974, 1004, '2019-02-28 12:32:13', '127.0.0.1', '支付系统收款通知', '<b>收款到账元！<br>订单号：<br>用户付款方式:<br>收款接口:<br>付款时间:<br>付款IP:</b>', ''),
(975, 1004, '2019-02-28 12:32:24', '127.0.0.1', '支付系统收款通知', '<b>收款到账元！<br>订单号：<br>用户付款方式:<br>收款接口:<br>付款时间:<br>付款IP:</b>', ''),
(976, 1004, '2019-02-28 12:32:35', '127.0.0.1', '支付系统收款通知', '<b>收款到账元！<br>订单号：<br>用户付款方式:<br>收款接口:<br>付款时间:<br>付款IP:</b>', ''),
(977, 1004, '2019-02-28 12:32:46', '127.0.0.1', '支付系统收款通知', '<b>收款到账元！<br>订单号：<br>用户付款方式:<br>收款接口:<br>付款时间:<br>付款IP:</b>', ''),
(978, 1004, '2019-02-28 12:32:57', '127.0.0.1', '支付系统收款通知', '<b>收款到账元！<br>订单号：<br>用户付款方式:<br>收款接口:<br>付款时间:<br>付款IP:</b>', ''),
(979, 1004, '2019-02-28 12:33:19', '127.0.0.1', '支付系统收款通知', '<b>收款到账元！<br>订单号：<br>用户付款方式:<br>收款接口:<br>付款时间:<br>付款IP:</b>', ''),
(980, 1004, '2019-02-28 12:33:30', '127.0.0.1', '支付系统收款通知', '<b>收款到账元！<br>订单号：<br>用户付款方式:<br>收款接口:<br>付款时间:<br>付款IP:</b>', ''),
(981, 1004, '2019-02-28 12:33:41', '127.0.0.1', '支付系统收款通知', '<b>收款到账元！<br>订单号：<br>用户付款方式:<br>收款接口:<br>付款时间:<br>付款IP:</b>', ''),
(982, 1004, '2019-02-28 12:33:52', '127.0.0.1', '支付系统收款通知', '<b>收款到账元！<br>订单号：<br>用户付款方式:<br>收款接口:<br>付款时间:<br>付款IP:</b>', ''),
(983, 1004, '2019-02-28 12:34:03', '127.0.0.1', '支付系统收款通知', '<b>收款到账元！<br>订单号：<br>用户付款方式:<br>收款接口:<br>付款时间:<br>付款IP:</b>', ''),
(984, 1004, '2019-02-28 12:34:14', '127.0.0.1', '支付系统收款通知', '<b>收款到账元！<br>订单号：<br>用户付款方式:<br>收款接口:<br>付款时间:<br>付款IP:</b>', ''),
(985, 1004, '2019-02-28 12:34:25', '127.0.0.1', '支付系统收款通知', '<b>收款到账元！<br>订单号：<br>用户付款方式:<br>收款接口:<br>付款时间:<br>付款IP:</b>', ''),
(986, 1004, '2019-02-28 12:34:36', '127.0.0.1', '支付系统收款通知', '<b>收款到账元！<br>订单号：<br>用户付款方式:<br>收款接口:<br>付款时间:<br>付款IP:</b>', ''),
(987, 1004, '2019-02-28 12:34:47', '127.0.0.1', '支付系统收款通知', '<b>收款到账元！<br>订单号：<br>用户付款方式:<br>收款接口:<br>付款时间:<br>付款IP:</b>', ''),
(988, 1004, '2019-02-28 12:35:09', '127.0.0.1', '支付系统收款通知', '<b>收款到账元！<br>订单号：<br>用户付款方式:<br>收款接口:<br>付款时间:<br>付款IP:</b>', ''),
(989, 1004, '2019-02-28 12:35:20', '127.0.0.1', '支付系统收款通知', '<b>收款到账元！<br>订单号：<br>用户付款方式:<br>收款接口:<br>付款时间:<br>付款IP:</b>', ''),
(990, 1004, '2019-02-28 12:35:31', '127.0.0.1', '支付系统收款通知', '<b>收款到账元！<br>订单号：<br>用户付款方式:<br>收款接口:<br>付款时间:<br>付款IP:</b>', ''),
(991, 1004, '2019-02-28 12:35:42', '127.0.0.1', '支付系统收款通知', '<b>收款到账元！<br>订单号：<br>用户付款方式:<br>收款接口:<br>付款时间:<br>付款IP:</b>', ''),
(992, 1004, '2019-02-28 12:35:53', '127.0.0.1', '支付系统收款通知', '<b>收款到账元！<br>订单号：<br>用户付款方式:<br>收款接口:<br>付款时间:<br>付款IP:</b>', ''),
(993, 1004, '2019-02-28 12:36:04', '127.0.0.1', '支付系统收款通知', '<b>收款到账元！<br>订单号：<br>用户付款方式:<br>收款接口:<br>付款时间:<br>付款IP:</b>', ''),
(994, 1004, '2019-02-28 12:36:15', '127.0.0.1', '支付系统收款通知', '<b>收款到账元！<br>订单号：<br>用户付款方式:<br>收款接口:<br>付款时间:<br>付款IP:</b>', ''),
(995, 1004, '2019-02-28 12:36:26', '127.0.0.1', '支付系统收款通知', '<b>收款到账元！<br>订单号：<br>用户付款方式:<br>收款接口:<br>付款时间:<br>付款IP:</b>', ''),
(996, 1004, '2019-02-28 12:36:37', '127.0.0.1', '支付系统收款通知', '<b>收款到账元！<br>订单号：<br>用户付款方式:<br>收款接口:<br>付款时间:<br>付款IP:</b>', ''),
(997, 1004, '2019-02-28 12:36:48', '127.0.0.1', '支付系统收款通知', '<b>收款到账元！<br>订单号：<br>用户付款方式:<br>收款接口:<br>付款时间:<br>付款IP:</b>', ''),
(998, 1004, '2019-02-28 12:36:59', '127.0.0.1', '支付系统收款通知', '<b>收款到账元！<br>订单号：<br>用户付款方式:<br>收款接口:<br>付款时间:<br>付款IP:</b>', ''),
(999, 1004, '2019-02-28 12:37:10', '127.0.0.1', '支付系统收款通知', '<b>收款到账元！<br>订单号：<br>用户付款方式:<br>收款接口:<br>付款时间:<br>付款IP:</b>', ''),
(1000, 1004, '2019-02-28 12:37:21', '127.0.0.1', '支付系统收款通知', '<b>收款到账元！<br>订单号：<br>用户付款方式:<br>收款接口:<br>付款时间:<br>付款IP:</b>', ''),
(1001, 1004, '2019-02-28 12:39:21', '127.0.0.1', '支付系统收款通知', '<b>收款到账0.02元！<br>订单号：15513286972572<br>用户付款方式:alipay<br>收款接口:epay<br>付款时间:2019-02-28 12:39:15<br>付款IP:127.0.0.1</b>', '1615958039@qq.com'),
(1002, 1004, '2019-02-28 12:41:52', '127.0.0.1', '支付系统收款通知', '<b>收款到账0.01元！<br>订单号：15513288716825<br>用户付款方式:qqpay<br>收款接口:epay<br>付款时间:2019-02-28 12:41:47<br>付款IP:127.0.0.1</b>', '1615958039@qq.com'),
(1003, 1004, '2019-02-28 12:43:59', '127.0.0.1', '支付系统收款通知', '<b>收款到账0.01元！<br>订单号：15513290089053<br>用户付款方式:qqpay<br>收款接口:epay<br>付款时间:2019-02-28 12:43:57<br>付款IP:127.0.0.1</b>', '1615958039@qq.com'),
(1004, 1004, '2019-02-28 12:53:11', '127.0.0.1', '支付系统收款通知', '<b>收款到账0.01元！<br>订单号：15513295478814<br>用户付款方式:alipay<br>收款接口:epay<br>付款时间:2019-02-28 12:52:56<br>付款IP:127.0.0.1</b>', '1615958039@qq.com'),
(1005, 1004, '2019-02-28 12:55:15', '127.0.0.1', '支付系统收款通知', '<b>收款到账0.01元！<br>订单号：15513295478814<br>用户付款方式:alipay<br>收款接口:epay<br>付款时间:2019-02-28 12:55:07<br>付款IP:127.0.0.1</b>', '1615958039@qq.com'),
(1006, 1004, '2019-02-28 12:55:26', '127.0.0.1', '支付系统收款通知', '<b>收款到账0.01元！<br>订单号：15513296155755<br>用户付款方式:qqpay<br>收款接口:epay<br>付款时间:2019-02-28 12:55:16<br>付款IP:127.0.0.1</b>', '1615958039@qq.com'),
(1007, 1004, '2019-02-28 13:07:40', '127.0.0.1', '支付系统收款通知', '<b>收款到账0.01元！<br>订单号：15513304103872<br>用户付款方式:qqpay<br>收款接口:epay<br>付款时间:2019-02-28 13:07:38<br>付款IP:127.0.0.1</b>', '1615958039@qq.com');

-- --------------------------------------------------------

--
-- 表的结构 `textlist`
--

CREATE TABLE IF NOT EXISTS `textlist` (
  `id` bigint(20) NOT NULL AUTO_INCREMENT,
  `admin_id` bigint(20) NOT NULL,
  `msg` varchar(10) NOT NULL,
  `textinfo` text NOT NULL,
  `addtime` datetime NOT NULL,
  `see` bigint(20) NOT NULL,
  PRIMARY KEY (`id`)
) ENGINE=MyISAM  DEFAULT CHARSET=utf8 AUTO_INCREMENT=6 ;

--
-- 转存表中的数据 `textlist`
--

INSERT INTO `textlist` (`id`, `admin_id`, `msg`, `textinfo`, `addtime`, `see`) VALUES
(1, 1004, '22', '2<html>22222222222222222222222222222222222222222222', '2019-02-23 17:08:19', 243),
(5, 1004, '2233', '234234234234', '2019-02-23 19:14:10', 2440),
(4, 1004, '1213123', 'wad asd awd asd awd a\nsdawd \n\n\n\nsadwad\n\n\nasdwad', '2019-02-23 19:14:03', 123);

-- --------------------------------------------------------

--
-- 表的结构 `users`
--

CREATE TABLE IF NOT EXISTS `users` (
  `id` bigint(20) NOT NULL AUTO_INCREMENT,
  `admin_id` bigint(20) NOT NULL,
  `user` varchar(20) NOT NULL,
  `pass` varchar(32) NOT NULL,
  `imei` varchar(20) NOT NULL,
  `jf` int(11) NOT NULL,
  `money` float(9,2) NOT NULL,
  `vip` datetime NOT NULL,
  `custom` text NOT NULL COMMENT '自定义内容',
  `reg_time` datetime NOT NULL,
  `reg_ip` varchar(15) NOT NULL,
  `zt` int(11) NOT NULL COMMENT '0正常(1封号',
  PRIMARY KEY (`id`),
  UNIQUE KEY `id` (`id`)
) ENGINE=MyISAM  DEFAULT CHARSET=utf8 AUTO_INCREMENT=14 ;

--
-- 转存表中的数据 `users`
--

INSERT INTO `users` (`id`, `admin_id`, `user`, `pass`, `imei`, `jf`, `money`, `vip`, `custom`, `reg_time`, `reg_ip`, `zt`) VALUES
(13, 1004, '1612', 'd928a043fcea9cc37514afb24f903e2b', '', 66, 66.00, '2019-05-03 15:31:56', '', '2019-02-26 15:31:56', '127.0.0.1', 0),
(6, 1004, '111', '96e79218965eb72c92a549dd5a330112', '', 90, 19.98, '2018-08-15 10:40:56', '我擦勒', '2019-02-06 10:36:03', '127.0.0.1', 0),
(10, 1004, '1112', '6e5c3d9abd79463ae7654d40a7e6e378', '', 1, 1.00, '2020-02-23 22:32:56', '我擦1111111111111', '2019-02-06 10:36:03', '127.0.0.1', 0),
(11, 1004, '123', '4297f44b13955235245b2497399d7a93', '', 1, 1.00, '2019-02-26 10:54:43', '', '2019-02-25 10:54:43', '127.0.0.1', 0),
(12, 1004, '1615', 'fa4da1bc4b5066d5d451e2ac81f7af0b', '', 66, 66.00, '2019-05-03 15:29:23', '', '2019-02-26 15:29:23', '127.0.0.1', 0);

-- --------------------------------------------------------

--
-- 表的结构 `users_choujiang`
--

CREATE TABLE IF NOT EXISTS `users_choujiang` (
  `id` bigint(20) NOT NULL AUTO_INCREMENT,
  `msg` varchar(20) NOT NULL,
  `addtime` datetime NOT NULL,
  `cjtime` datetime NOT NULL,
  `admin_id` bigint(20) NOT NULL,
  `user` varchar(20) NOT NULL,
  `dowhat` varchar(5) NOT NULL,
  `dovalue` varchar(6) NOT NULL,
  PRIMARY KEY (`id`)
) ENGINE=MyISAM  DEFAULT CHARSET=utf8 AUTO_INCREMENT=439 ;

--
-- 转存表中的数据 `users_choujiang`
--

INSERT INTO `users_choujiang` (`id`, `msg`, `addtime`, `cjtime`, `admin_id`, `user`, `dowhat`, `dovalue`) VALUES
(438, '一等奖', '2019-02-26 15:35:51', '0000-00-00 00:00:00', 1004, '', '余额', '9.99'),
(437, '一等奖', '2019-02-26 15:35:51', '0000-00-00 00:00:00', 1004, '', '余额', '9.99'),
(436, '一等奖', '2019-02-26 15:35:51', '2019-02-26 15:42:44', 1004, '111', '余额', '9.99'),
(435, '一等奖', '2019-02-26 15:35:51', '2019-02-26 15:46:30', 1004, '111', '余额', '9.99'),
(434, '一等奖', '2019-02-26 15:35:51', '0000-00-00 00:00:00', 1004, '', '余额', '9.99');

-- --------------------------------------------------------

--
-- 表的结构 `users_config`
--

CREATE TABLE IF NOT EXISTS `users_config` (
  `id` bigint(20) NOT NULL AUTO_INCREMENT,
  `admin_id` bigint(20) NOT NULL,
  `reg_jf` int(11) NOT NULL,
  `reg_vip` int(11) NOT NULL,
  `reg_money` float(6,2) NOT NULL,
  `reg_onlyimei` int(11) NOT NULL COMMENT '1开启imei绑定',
  `qd_open` int(11) NOT NULL COMMENT '0打开1关闭',
  `qd_jf` int(11) NOT NULL,
  `qd_vip` int(11) NOT NULL,
  `qd_money` float(6,2) NOT NULL,
  `qdlist_open` int(11) NOT NULL COMMENT '0关闭1开启',
  `edu_custom` int(11) NOT NULL COMMENT '0关闭1开启',
  `reg_open` int(11) NOT NULL COMMENT '1关闭0开启',
  `login_imei` int(11) NOT NULL COMMENT '1开启imei绑定登陆',
  `mtj_open` int(11) NOT NULL COMMENT '1关闭余额换积分',
  `mtj` int(6) NOT NULL DEFAULT '1' COMMENT '1余额换多少积分',
  `mtv_open` int(11) NOT NULL COMMENT '1关闭余额换vip',
  `mtv` float(6,2) NOT NULL COMMENT '1个月VIP需要余额多少',
  `cj_open` int(11) NOT NULL COMMENT '1关闭抽奖',
  `cj_needwhat` varchar(3) NOT NULL DEFAULT '积分' COMMENT '抽奖需要消耗多少',
  `cj_needvalue` varchar(6) NOT NULL DEFAULT '0' COMMENT '消耗多少',
  `cj_isvip` int(11) NOT NULL COMMENT '1抽奖需要是会员',
  `cj_daynum` int(11) NOT NULL DEFAULT '1' COMMENT '每天可抽几次',
  `yq_what` varchar(3) NOT NULL DEFAULT '积分' COMMENT '邀请赠送',
  `yq_value` varchar(6) NOT NULL DEFAULT '0' COMMENT '赠送额度',
  PRIMARY KEY (`id`)
) ENGINE=MyISAM  DEFAULT CHARSET=utf8 AUTO_INCREMENT=15 ;

--
-- 转存表中的数据 `users_config`
--

INSERT INTO `users_config` (`id`, `admin_id`, `reg_jf`, `reg_vip`, `reg_money`, `reg_onlyimei`, `qd_open`, `qd_jf`, `qd_vip`, `qd_money`, `qdlist_open`, `edu_custom`, `reg_open`, `login_imei`, `mtj_open`, `mtj`, `mtv_open`, `mtv`, `cj_open`, `cj_needwhat`, `cj_needvalue`, `cj_isvip`, `cj_daynum`, `yq_what`, `yq_value`) VALUES
(1, 1004, 66, 66, 66.00, 0, 0, 66, 66, 66.00, 1, 0, 0, 0, 0, 200, 0, 133.05, 0, '积分', '5', 0, 4, '积分', '100'),
(5, 1008, 0, 0, 0.00, 0, 0, 0, 0, 0.00, 0, 0, 0, 0, 0, 1, 0, 0.00, 0, '积分', '0', 0, 1, '', ''),
(4, 1007, 0, 0, 0.00, 0, 0, 0, 0, 0.00, 0, 0, 0, 0, 0, 1, 0, 0.00, 0, '积分', '0', 0, 1, '', ''),
(6, 1009, 0, 0, 0.00, 0, 0, 0, 0, 0.00, 0, 0, 0, 0, 0, 1, 0, 0.00, 0, '积分', '0', 0, 1, '', ''),
(7, 1010, 0, 0, 0.00, 0, 0, 0, 0, 0.00, 0, 0, 0, 0, 0, 1, 0, 0.00, 0, '积分', '0', 0, 1, '', ''),
(8, 1011, 0, 0, 0.00, 0, 0, 0, 0, 0.00, 0, 0, 0, 0, 0, 1, 0, 0.00, 0, '积分', '0', 0, 1, '', ''),
(9, 1012, 0, 0, 0.00, 0, 0, 0, 0, 0.00, 0, 0, 0, 0, 0, 1, 0, 0.00, 0, '积分', '0', 0, 1, '', ''),
(10, 1013, 0, 0, 0.00, 0, 0, 0, 0, 0.00, 0, 0, 0, 0, 0, 1, 0, 0.00, 0, '积分', '0', 0, 1, '', ''),
(11, 1014, 0, 0, 0.00, 0, 0, 0, 0, 0.00, 0, 0, 0, 0, 0, 1, 0, 0.00, 0, '积分', '0', 0, 1, '', ''),
(12, 1015, 0, 0, 0.00, 0, 0, 0, 0, 0.00, 0, 0, 0, 0, 0, 1, 0, 0.00, 0, '积分', '0', 0, 1, '', ''),
(13, 1016, 0, 0, 0.00, 0, 0, 0, 0, 0.00, 0, 0, 0, 0, 0, 1, 0, 0.00, 0, '积分', '0', 0, 1, '', ''),
(14, 1017, 0, 0, 0.00, 0, 0, 0, 0, 0.00, 0, 0, 0, 0, 0, 1, 0, 0.00, 0, '积分', '0', 0, 1, '', '');

-- --------------------------------------------------------

--
-- 表的结构 `users_log_all`
--

CREATE TABLE IF NOT EXISTS `users_log_all` (
  `id` bigint(20) NOT NULL AUTO_INCREMENT,
  `admin_id` bigint(20) NOT NULL,
  `user` varchar(10) NOT NULL,
  `dowhat` varchar(10) NOT NULL,
  `addtime` datetime NOT NULL,
  `adddate` date NOT NULL,
  PRIMARY KEY (`id`)
) ENGINE=MyISAM  DEFAULT CHARSET=utf8 AUTO_INCREMENT=10 ;

--
-- 转存表中的数据 `users_log_all`
--

INSERT INTO `users_log_all` (`id`, `admin_id`, `user`, `dowhat`, `addtime`, `adddate`) VALUES
(1, 1004, '111', '在线', '2019-02-21 00:00:00', '2019-02-21'),
(5, 1004, '111', '在线', '2019-02-25 21:55:20', '2019-02-25'),
(4, 1004, '1112', '签到', '2019-02-22 00:00:00', '2019-02-22'),
(7, 1004, '111', '签到', '2019-02-25 12:33:59', '2019-02-25'),
(8, 1004, '111', '在线', '2019-02-26 20:19:04', '2019-02-26'),
(9, 1004, '1612', '在线', '2019-02-26 15:42:27', '2019-02-26');

-- --------------------------------------------------------

--
-- 表的结构 `users_log_custom`
--

CREATE TABLE IF NOT EXISTS `users_log_custom` (
  `id` bigint(20) NOT NULL AUTO_INCREMENT,
  `admin_id` bigint(20) NOT NULL,
  `user` varchar(20) NOT NULL,
  `custom` text NOT NULL,
  `msg` varchar(30) NOT NULL,
  `addtime` datetime NOT NULL,
  PRIMARY KEY (`id`)
) ENGINE=MyISAM  DEFAULT CHARSET=utf8 AUTO_INCREMENT=4 ;

--
-- 转存表中的数据 `users_log_custom`
--

INSERT INTO `users_log_custom` (`id`, `admin_id`, `user`, `custom`, `msg`, `addtime`) VALUES
(3, 1004, '111', '我擦勒', '管理员修改', '2019-02-23 10:31:19'),
(2, 1004, '111', '我擦', '666', '2019-02-08 13:13:42');

-- --------------------------------------------------------

--
-- 表的结构 `users_log_jf`
--

CREATE TABLE IF NOT EXISTS `users_log_jf` (
  `id` bigint(20) NOT NULL AUTO_INCREMENT,
  `admin_id` bigint(20) NOT NULL,
  `user` varchar(20) NOT NULL,
  `num` int(11) NOT NULL,
  `msg` varchar(30) NOT NULL,
  `addtime` datetime NOT NULL,
  PRIMARY KEY (`id`)
) ENGINE=MyISAM  DEFAULT CHARSET=utf8 AUTO_INCREMENT=32 ;

--
-- 转存表中的数据 `users_log_jf`
--

INSERT INTO `users_log_jf` (`id`, `admin_id`, `user`, `num`, `msg`, `addtime`) VALUES
(9, 1004, '111', 66, '签到赠送', '2019-02-25 10:40:56'),
(2, 1004, '111', 1, '用户操作', '2019-02-06 19:12:09'),
(3, 1004, '111', 1, '用户操作', '2019-02-06 19:25:57'),
(4, 1004, '111', 1, '用户操作', '2019-02-06 19:26:03'),
(5, 1004, '111', 1, '用户操作', '2019-02-06 19:26:04'),
(6, 1004, '111', 1, '用户操作', '2019-02-06 19:26:06'),
(7, 1004, '111', 1, '用户操作', '2019-02-06 19:26:07'),
(8, 1004, '111', 1, '用户操作', '2019-02-06 19:26:08'),
(10, 1004, '123', 1, '签到赠送', '2019-02-25 10:54:43'),
(11, 1004, '111', 66, '签到赠送', '2019-02-25 12:33:59'),
(12, 1004, '111', -140, '管理员修改', '2019-02-25 14:01:19'),
(13, 1004, '111', 1, '余额兑换', '2019-02-25 14:01:42'),
(14, 1004, '111', 1, '余额兑换', '2019-02-25 14:01:50'),
(15, 1004, '111', 1, '余额兑换', '2019-02-25 14:03:03'),
(16, 1004, '111', 10, '余额兑换', '2019-02-25 14:06:30'),
(17, 1004, '111', -13, '管理员修改', '2019-02-25 14:06:59'),
(18, 1004, '111', 10, '余额兑换', '2019-02-25 14:07:02'),
(19, 1004, '111', 1, '余额兑换', '2019-02-25 14:07:18'),
(20, 1004, '111', -5, '兑换抽奖', '2019-02-25 21:38:17'),
(21, 1004, '111', -5, '兑换抽奖', '2019-02-25 21:40:13'),
(22, 1004, '111', 4, '管理员修改', '2019-02-25 21:40:44'),
(23, 1004, '111', -5, '兑换抽奖', '2019-02-25 21:41:47'),
(24, 1004, '111', 5, '管理员修改', '2019-02-25 21:43:39'),
(25, 1004, '111', -5, '兑换抽奖', '2019-02-25 21:43:45'),
(26, 1004, '1004', 100, '邀请新用户', '2019-02-26 15:29:23'),
(27, 1004, '1615', 66, '注册赠送', '2019-02-26 15:29:23'),
(30, 1004, '111', -5, '兑换抽奖', '2019-02-26 15:42:44'),
(29, 1004, '1612', 66, '注册赠送', '2019-02-26 15:31:56'),
(31, 1004, '111', -5, '兑换抽奖', '2019-02-26 15:46:30');

-- --------------------------------------------------------

--
-- 表的结构 `users_log_money`
--

CREATE TABLE IF NOT EXISTS `users_log_money` (
  `id` bigint(20) NOT NULL AUTO_INCREMENT,
  `admin_id` bigint(20) NOT NULL,
  `user` varchar(20) NOT NULL,
  `num` float(6,2) NOT NULL,
  `msg` varchar(30) NOT NULL,
  `addtime` datetime NOT NULL,
  PRIMARY KEY (`id`)
) ENGINE=MyISAM  DEFAULT CHARSET=utf8 AUTO_INCREMENT=29 ;

--
-- 转存表中的数据 `users_log_money`
--

INSERT INTO `users_log_money` (`id`, `admin_id`, `user`, `num`, `msg`, `addtime`) VALUES
(12, 1004, '123', 1.00, '签到赠送', '2019-02-25 10:54:43'),
(11, 1004, '111', 66.00, '签到赠送', '2019-02-25 10:40:56'),
(10, 1004, '111', -52.00, '管理员修改', '2019-02-23 10:28:52'),
(4, 1004, '111', 0.01, '充值', '2019-02-14 10:11:27'),
(5, 1004, '111', 0.01, '充值', '2019-02-14 10:12:17'),
(6, 1004, '111', 0.01, '在线充值', '2019-02-14 10:27:12'),
(7, 1004, '111', 0.01, '在线充值', '2019-02-14 10:28:04'),
(8, 1004, '111', 0.01, '在线充值', '2019-02-14 10:28:34'),
(9, 1004, '111', 1.00, '在线充值', '2019-02-14 11:21:13'),
(13, 1004, '111', 66.00, '签到赠送', '2019-02-25 12:33:59'),
(14, 1004, '111', -133.05, '兑换VIP', '2019-02-25 13:49:57'),
(15, 1004, '111', 1.00, '管理员修改', '2019-02-25 14:01:19'),
(16, 1004, '111', 0.00, '兑换积分', '2019-02-25 14:01:42'),
(17, 1004, '111', 0.00, '兑换积分', '2019-02-25 14:01:50'),
(18, 1004, '111', 0.00, '兑换积分', '2019-02-25 14:03:03'),
(19, 1004, '111', -0.05, '兑换积分', '2019-02-25 14:06:30'),
(20, 1004, '111', -0.05, '兑换积分', '2019-02-25 14:07:02'),
(21, 1004, '111', -0.01, '兑换积分', '2019-02-25 14:07:18'),
(22, 1004, '111', 0.11, '管理员修改', '2019-02-25 21:40:47'),
(23, 1004, '111', 1.00, '抽奖获得', '2019-02-25 21:43:45'),
(24, 1004, '111', -2.00, '管理员修改', '2019-02-26 15:26:46'),
(25, 1004, '1615', 66.00, '注册赠送', '2019-02-26 15:29:23'),
(26, 1004, '1612', 66.00, '注册赠送', '2019-02-26 15:31:56'),
(27, 1004, '111', 9.99, '抽奖获得', '2019-02-26 15:42:44'),
(28, 1004, '111', 9.99, '抽奖获得', '2019-02-26 15:46:30');

-- --------------------------------------------------------

--
-- 表的结构 `users_log_vip`
--

CREATE TABLE IF NOT EXISTS `users_log_vip` (
  `id` bigint(20) NOT NULL AUTO_INCREMENT,
  `admin_id` bigint(20) NOT NULL,
  `user` varchar(20) NOT NULL,
  `num` int(11) NOT NULL,
  `msg` varchar(30) NOT NULL,
  `addtime` datetime NOT NULL,
  PRIMARY KEY (`id`)
) ENGINE=MyISAM  DEFAULT CHARSET=utf8 AUTO_INCREMENT=18 ;

--
-- 转存表中的数据 `users_log_vip`
--

INSERT INTO `users_log_vip` (`id`, `admin_id`, `user`, `num`, `msg`, `addtime`) VALUES
(5, 1004, '111', 31, '管理员修改', '2019-02-23 10:30:42'),
(2, 1004, '111', 62, '在线充值', '2019-02-14 10:53:13'),
(6, 1004, '111', -390, '管理员修改', '2019-02-23 10:30:55'),
(7, 1004, '111', -3, '管理员修改', '2019-02-25 10:37:13'),
(8, 1004, '111', -14, '管理员修改', '2019-02-25 10:37:20'),
(9, 1004, '111', 66, '签到赠送', '2019-02-25 10:40:56'),
(10, 1004, '123', 1, '签到赠送', '2019-02-25 10:54:43'),
(11, 1004, '111', 66, '签到赠送', '2019-02-25 12:33:59'),
(12, 1004, '111', 31, '余额兑换', '2019-02-25 13:49:57'),
(13, 1004, '111', 11, '签到赠送', '2019-02-25 21:40:13'),
(14, 1004, '111', 11, '抽奖获得', '2019-02-25 21:41:47'),
(15, 1004, '111', -379, '管理员修改', '2019-02-26 15:26:46'),
(16, 1004, '1615', 66, '注册赠送', '2019-02-26 15:29:23'),
(17, 1004, '1612', 66, '注册赠送', '2019-02-26 15:31:56');

/*!40101 SET CHARACTER_SET_CLIENT=@OLD_CHARACTER_SET_CLIENT */;
/*!40101 SET CHARACTER_SET_RESULTS=@OLD_CHARACTER_SET_RESULTS */;
/*!40101 SET COLLATION_CONNECTION=@OLD_COLLATION_CONNECTION */;
